8/8/1k5Q/8/1bK5/1r2q1R1/1rN2RR1/5r2 b - - 0 1, True, 8/8/6R1/k7/1b1K4/2r5/2r5/5R2, 9, False, 200, None
4n3/4N3/4p1B1/1P4PP/8/kn6/4Pb2/K7 w - - 0 1, True, 6N1/8/4p1PP/1Pn2n2/1kBK1b2/8/4P3/8, 24, True, 200, None
3B1B2/N1k5/7p/1p1K4/1p6/3n4/4p3/2q3Q1 b - - 1 1, True, 3k1B2/8/2K4p/1p6/1p6/8/8/4n3, 7, False, 200, None
K1k5/3p2pR/8/5rn1/R4p2/4R2p/N7/8 b - - 0 1, True, 3n4/Krkp4/6p1/8/3N4/R3p2R/8/8, 31, True, 200, None
7r/3k4/8/2R4q/1Knn3P/2BR4/7p/4B3 w - - 1 1, True, 8/3k4/8/7r/3B3P/2K5/7R/4n3, 9, False, 200, None
8/2nn1b2/1NP1K3/6kP/2r5/1P2P3/4B3/8 w - - 1 1, True, 4b3/8/KN6/7k/1PB1r3/8/8/8, 12, False, 200, None
b1k3r1/p5PK/8/1N6/8/1PpR4/8/4Rb2 b - - 0 1, True, 8/2k1K1P1/2b5/p1R5/8/1b6/8/8, 13, False, 200, None
3k3n/RP6/1b6/5p2/p4B2/8/2R2P2/Kq6 w - - 0 1, True, 7R/1k6/8/5p2/p4B2/8/5P2/1K6, 10, False, 200, None
4BN2/8/6pr/6k1/bP6/P3q3/1R4K1/3R4 b - - 0 1, True, 4BN2/8/6p1/6k1/bP6/P4q2/1R6/3R2Kr, 11, True, 200, None
4k3/1Q2p3/P7/1p3pBp/2b1K3/8/1n6/2n5 w - - 1 1, True, Q3k3/4p3/7B/1p1Q1p1p/8/3n4/8/4nK2, 13, True, 200, None
2N5/2n5/Pp1b2K1/2p5/8/5P2/1kBr4/3R4 b - - 0 1, True, 8/8/np1N2K1/2p5/8/5P2/3k4/8, 5, False, 200, None
2K3Nr/8/4r3/r7/3Bk3/r1P3PR/8/6R1 w - - 1 1, True, 3K4/3N2r1/2r5/4R1P1/8/4B3/4k3/8, 45, True, 200, None
N7/P5P1/2B3k1/3p4/2p5/1K4qb/3P4/2R5 w - - 0 1, True, 8/2N5/8/2Qpq1k1/8/K7/2b5/8, 48, False, 200, None
r6K/5b2/5P2/5r2/2N3q1/2r3k1/Q4R2/1B6 w - - 1 1, True, Q3Kq2/8/4b3/5r2/2N5/2r3k1/5R2/1B6, 8, True, 200, None
k7/PPrn4/1Q3p1K/1N6/1b5p/8/6p1/8 b - - 0 1, True, 1k3Q2/1r6/5p1K/1N6/7p/8/6p1/8, 12, True, 200, None
7k/8/1q4N1/8/1p4Qp/3rPKP1/4P3/2n5 b - - 0 1, True, 7k/8/1q4N1/8/1p4Qp/3rPKP1/4P3/2n5, 16, True, 200, None
8/2pp1kq1/2n4p/K7/5NN1/8/7N/1n2Q3 w - - 0 1, True, 8/1Kppkn1Q/8/8/8/8/8/5q2, 14, False, 200, None
6R1/6K1/nkpR4/6QR/pb1b4/1p6/8/8 w - - 1 1, True, 8/5K2/1QR5/1k2b2R/p7/1p6/8/8, 15, True, 200, None
8/pKr2k2/1N6/7R/8/P2q4/1N3B2/4b2N w - - 0 1, True, 8/N7/K4k2/2q5/2N5/P3N3/8/8, 41, False, 200, None
Q7/6p1/5q1R/8/3k4/7p/6pp/1nN2K1N w - - 0 1, True, Q7/6p1/7R/8/3k4/7p/4K1pp/1nN2q1N, 2, True, 200, None
n7/N3KnN1/2p5/3p4/1N6/4k3/3p4/2B3n1 w - - 1 1, True, 8/2n1K3/8/3p4/1N1N4/5n2/8/2k5, 12, False, 200, None
7N/2P5/K4p2/7p/p7/b3R3/6pB/1k4b1 w - - 1 1, True, 7N/8/K4p2/7p/p1QB4/8/6p1/1kR5, 13, True, 200, None
1b6/8/1R2N3/q1B5/1PP4P/2k3K1/5P2/6n1 w - - 1 1, True, 8/8/8/8/1P2Nq2/4RP2/2k3K1/8, 32, False, 200, None
8/1B5n/N1pQ4/1q3n2/3K3N/b4P2/4k3/8 w - - 0 1, True, 8/1B6/N1pN1q2/6n1/4K3/8/4k3/8, 12, True, 200, None
2k5/P7/5P2/K2q4/3P1P2/B1p1b1R1/6P1/8 w - - 1 1, True, Q5R1/1K1k4/1B3P2/3q4/3P1P2/8/2pb2P1/8, 36, True, 200, None
8/1N1k4/6bR/2q3p1/4n3/3Kb3/1R1P4/B7 b - - 0 1, True, 8/1N1k4/6bR/6p1/8/6n1/3P1b2/1q1K4, 11, True, 200, None
3kN3/8/2r5/1p3RPr/8/8/1qn2R2/3KR3 b - - 0 1, True, 3kN3/8/8/1p3RPr/8/4R3/1q3R2/2rK4, 3, True, 200, None
3Kr3/8/1p4R1/6p1/5k2/3pr1p1/1B1Q4/1b6 w - - 1 1, True, 8/8/3R4/2K3Q1/5r2/3p2pk/8/8, 21, False, 200, None
7N/2Pp2k1/P7/8/4K2r/R2B3N/5p2/4q3 w - - 0 1, True, 7N/2Pp2k1/P3q3/8/6qK/5R2/8/8, 14, True, 200, None
8/8/q1p5/pb2NK1P/4P3/4B2R/k3P3/8 w - - 1 1, True, 8/7q/8/8/R2B1K2/4P3/N7/2k5, 85, False, 200, None
8/B2kr3/1P6/5n2/8/1P5p/1p1b1p2/3KQ3 b - - 0 1, True, 8/B2kr3/1P6/5n2/8/1P5p/3K4/1q2q3, 3, True, 200, None
2n2b2/8/P1P5/5p2/3bk2P/4B3/P5K1/1B6 b - - 1 1, False, 6B1/b7/P6b/4k2P/P7/3K4/8/8, 100, False, 200, None
8/8/2n5/4Pn2/P1P4P/2PN4/KP4b1/6k1 w - - 1 1, True, 8/8/2n5/8/PK6/2P5/1N3k2/5b2, 16, False, 200, None
4r3/1N4N1/8/6p1/3pQ3/1P1r4/1p3p2/1k5K b - - 0 1, True, 8/1N6/8/6p1/3p3r/1P1r4/1p5K/1k3q2, 7, True, 200, None
b1K5/8/1R6/4k3/2Np4/4nrn1/2P1N2N/8 b - - 0 1, True, 2K5/8/8/3k4/2np4/6n1/2P1N3/8, 7, False, 200, None
2N5/5kB1/5p1R/1b2b3/2p5/4K2p/B6p/8 w - - 1 1, True, 2b5/7k/8/5p2/2p5/4K3/7B/1B6, 10, False, 200, None
8/N7/6P1/KP2pbn1/2p2P2/3p4/8/Bk6 w - - 1 1, True, 8/6P1/8/K4Q2/5P2/1qn5/8/k7, 15, False, 200, None
8/1pN5/3p4/1P6/KbRp4/6R1/1k1P1n2/8 w - - 1 1, True, 8/1pN5/3p4/1P6/KR1pn3/R7/k2P4/8, 5, True, 200, None
8/3Qpn2/5k2/8/1BN5/N1p5/3n1K1p/4q3 w - - 1 1, True, 8/3Qp3/5k2/3K2n1/1BN5/Nnp5/6q1/8, 12, True, 200, None
Bq6/1p2P3/4K1p1/1p1P4/1k6/3P3N/8/6N1 b - - 0 1, True, 8/1B2PK2/6p1/1pk5/5q2/3P4/5N2/6N1, 51, True, 200, None
3Bkq2/5N2/2n5/R7/5r2/4N2N/5K1B/b7 w - - 0 1, True, 4k3/5q2/8/2BnB1N1/8/6K1/8/8, 24, False, 200, None
R7/1bp5/3Bq3/5b2/5P2/3K2B1/7P/3k3N w - - 1 1, True, R7/1bp5/3B4/8/5P2/Kq4B1/2b4P/3k3N, 12, True, 200, None
7K/1Q6/5P2/8/6pp/3k2P1/r2Pn3/Nq6 b - - 0 1, True, r6K/5q2/8/8/6pp/3k2P1/2NPn3/8, 5, True, 200, None
3Q3k/p1p5/2qN4/5N1K/8/1p5R/2n1p3/8 b - - 1 1, True, 4Q1k1/p1p5/3N4/5N2/6K1/1p5R/2n1p3/8, 4, True, 200, None
B4R2/1Qp5/1n6/n1P2K2/8/p3p3/8/1r3k2 w - - 1 1, True, B7/2p5/8/n1P2K2/8/p7/3R4/1rk1Q3, 11, True, 200, None
6N1/b3N2n/K2k4/1b1NN3/2b2b2/5B2/8/8 w - - 0 1, True, 8/1K6/2n5/5N2/8/2kbN3/8/6b1, 56, False, 200, None
B2B4/NB1Nn1n1/8/K7/3q4/8/5k2/1n5N b - - 0 1, True, q7/8/2K5/1nNB4/8/8/8/4k2N, 51, False, 200, None
7K/n7/8/8/2p4p/N2BB3/2pb2p1/k6B w - - 1 1, True, 7K/n7/8/8/7p/8/1kpB2B1/8, 6, False, 200, None
6k1/6r1/3R2pn/6p1/3P4/2K2R2/5P2/rB6 w - - 1 1, True, 6k1/5R2/8/6p1/3P4/1r3P2/2K5/8, 29, False, 200, None
8/5k2/4P3/8/3b1B2/2n1Pq2/2BP3K/2NN4 b - - 1 1, True, 3k4/8/8/8/2P2B2/1Bq1P3/7K/8, 35, False, 200, None
8/Q1N5/1n6/7p/1p3Bq1/4Kpp1/6P1/3k4 w - - 1 1, True, 8/2N5/1n6/7p/1p3q2/3K1pp1/6P1/Q1k5, 7, True, 200, None
N4Q2/b1q1p3/2b1p3/K7/4B3/4B3/pk6/8 w - - 1 1, True, N4Q2/b3p3/2b1p3/8/rK2B3/4B3/1k6/8, 6, True, 200, None
KB6/1p6/5n1r/3P4/3P4/5N2/2b3Rp/4k3 b - - 1 1, True, 8/1NK5/8/4B3/2R5/3b4/4n3/3k4, 70, False, 200, None
3n3K/B2P4/5P2/8/p1b2k1p/1P6/1p6/1B6 b - - 0 1, True, q7/5PK1/4B3/6k1/p7/8/7B/8, 28, False, 200, None
2N3q1/P2k4/8/1N6/n7/1p5b/N5P1/2R3K1 b - - 0 1, True, 2N5/P2k4/8/1N6/n7/1p5b/N5q1/2R3K1, 1, True, 200, None
5r2/5b2/3P3n/b1R4N/3PP3/3B3K/8/3k4 b - - 0 1, True, 4k3/8/8/r3b3/8/6n1/3R2K1/1B6, 79, False, 200, None
6B1/8/1p2ppN1/2pn1N2/6n1/8/K3k3/4N3 b - - 0 1, True, 8/3B4/1p6/2p5/5k2/3Kn3/8/5N2, 38, False, 200, None
4k3/pN2b3/6N1/4P1B1/5n2/7p/5R1n/7K b - - 0 1, True, 4k3/pN6/6n1/4bR2/8/7K/8/8, 7, False, 200, None
8/5N2/4k1pp/nq6/pN3pK1/8/1P6/1Q6 w - - 1 1, True, 8/5N2/7p/n2k4/N4K2/8/1P6/8, 11, False, 200, None
8/n5B1/b7/1Bq3k1/1K3r2/1n2PQ2/8/1N6 w - - 1 1, True, 8/n7/b7/1B4k1/8/4PQ2/Kq6/1r6, 8, True, 200, None
8/3QB2R/8/1p6/r3Pb2/3pk2b/4r3/2K5 b - - 0 1, True, 8/3QB2R/8/1p6/4Pb2/3pk2b/4r3/r1K5, 1, True, 200, None
r3R3/7k/4p1N1/8/8/5pK1/1b3R1n/bR6 b - - 0 1, True, 8/8/4p1k1/8/5b2/5Rr1/5R2/7K, 12, False, 200, None
1Nr5/K1p2b2/7R/4k3/5R2/2Nrp3/7p/8 w - - 1 1, True, 8/1Kp1R3/8/8/5r2/4r3/3k4/1R6, 24, False, 200, None
8/1p1B4/4b3/3nBB2/8/KpB1k3/3p1n2/8 w - - 1 1, True, 8/5n2/6B1/1p6/8/4n3/1K3k2/2B5, 32, False, 200, None
6q1/8/7P/2N1n1k1/1Pn5/2N5/1KB1PB2/8 w - - 0 1, True, 8/8/7k/8/1P1B4/1KNN2q1/8/8, 19, False, 200, None
2q5/4R3/1b2P3/5P2/4n3/5P2/2k1N1r1/4KQ2 b - - 0 1, True, 2q5/4R3/4P3/5P2/4n3/2b2P2/2k3r1/4KQ2, 3, True, 200, None
1B6/r5rp/P2K4/6Q1/2p5/5k2/1p1Rp3/8 b - - 0 1, True, 8/7p/2r5/4B1r1/2K5/5k2/3q4/1q6, 11, True, 200, None
8/p6P/1k3p2/8/p4K2/5R2/3pp2Q/q1B5 b - - 0 1, True, 5q2/p2K1q1P/1k3p2/8/p7/8/4p2Q/8, 13, True, 200, None
8/P1p2p2/3N1Kp1/b1q5/k7/2PQ4/5R2/8 w - - 1 1, True, 8/P1p2p2/3N1Kp1/b1q5/8/k1P5/Q4R2/8, 3, True, 200, None
8/1r2P3/P3P3/kP3r1R/8/5nNb/8/3K4 b - - 0 1, True, 8/P7/8/kP3R2/8/5n2/2K5/4r3, 8, False, 200, None
2Q2N2/8/q4b2/KP6/7p/7P/1B2p1k1/3n4 w - - 1 1, True, 5N2/8/KP6/8/8/7P/1b6/3nk3, 10, False, 200, None
8/4p3/1p1N4/3BB2b/8/2np4/3k2K1/b2N4 w - - 1 1, True, 8/8/1p1p4/8/4B3/3pk3/8/B4K2, 9, False, 200, None
Q7/8/6n1/N7/p2r4/7r/bPNk4/1R3K2 w - - 1 1, True, 8/8/6n1/N7/p2r4/3k3r/bPN3Q1/3R1K2, 3, True, 200, None
Q6K/qr4pR/8/7P/7k/1R6/4p2B/5n2 b - - 0 1, True, 1q5K/1r4pR/8/7P/7k/1R6/4p3/5n2, 3, True, 200, None
3r4/1n4P1/5n2/RN4n1/3PP3/2K3k1/8/4B3 b - - 1 1, True, 8/7r/3nn3/1N1K1k2/8/8/8/4R3, 35, False, 200, None
8/4K2R/3p3P/1Q4P1/q4k2/6b1/2P1P3/6r1 w - - 1 1, True, 8/7R/5K2/3p2P1/6rk/5Q2/2P1P3/8, 17, True, 200, None
7n/6KB/k4p2/1P6/8/6B1/3bb1NN/3r4 b - - 0 1, True, 7K/8/k7/4Np2/4B2N/8/8/3r4, 12, False, 200, None
k7/3PpNpr/8/1p4R1/3n1p2/8/1K2N3/8 w - - 1 1, True, 8/4pNpr/R7/3Q4/kp3p2/8/1K2N3/8, 11, True, 200, None
2k5/4Rp2/4P3/8/bN1n4/2B5/4n3/1K3Q1q w - - 1 1, True, 8/4kp2/4P3/8/QN1n4/8/1K6/8, 8, False, 200, None
8/k1p3K1/3p3b/5p2/1p6/1Np3pN/8/2N5 w - - 0 1, True, 8/8/3p4/2p2pK1/kp6/8/1Np1N1p1/2N5, 29, True, 200, None
8/1K2N3/2P3k1/3P4/bb6/1BB2P2/4b3/6n1 b - - 0 1, True, 4B3/2K4k/8/3P4/8/2B2n2/4b3/8, 9, False, 200, None
3R4/p5k1/5N2/8/4b2r/1p2R1pB/6r1/2K5 b - - 0 1, True, 3R4/p5k1/5N2/8/4b2r/4R1pB/6r1/1q1K4, 3, True, 200, None
b7/5p1R/R4p2/p7/2p2p2/4k3/6b1/5NK1 b - - 0 1, True, 8/8/8/8/4b3/8/5RN1/1kr1R1K1, 18, False, 200, None
1Q6/4Bp2/3p3b/6P1/2k2n1K/1b6/N2r4/8 b - - 0 1, True, 8/4np2/8/6P1/4K3/2Q1b3/8/3k4, 59, False, 200, None
1k6/p3P3/Q7/n2p4/N1p1q3/2pNK3/8/8 w - - 0 1, True, 1k6/p1q5/8/3Q4/8/2Np4/5K2/8, 7, False, 200, None
3b4/3K2BB/5b2/2b5/1R1r2k1/1B6/8/1B4n1 w - - 1 1, True, 3b4/3K4/5b2/8/8/1B3Bk1/8/1B6, 9, False, 200, None
1n3R1b/2b5/8/p2p4/3n4/2R3QK/bk6/8 w - - 1 1, True, 1n5b/2b5/8/p2p4/8/R6K/4R3/kb2Q3, 7, True, 200, None
5n2/6Q1/2R5/p2b4/1b6/3K2R1/4p1b1/b2k4 b - - 0 1, True, 5n2/6Q1/2R5/p2b4/4b3/6R1/3b1K2/b2kq3, 5, True, 200, None
1K6/7k/5p2/6b1/1B4b1/3B2p1/2r2p2/4R1B1 b - - 0 1, True, 8/8/1K3p2/6k1/5b2/8/2b5/4B1B1, 17, False, 200, None
6Nq/8/1p6/2b2P2/1B5k/4r1B1/3P1N2/5K2 b - - 1 1, True, 8/4N3/1p6/2b2P2/1B5k/5K2/3Pr3/5q2, 21, True, 200, None
4R3/3n4/1N6/B4p2/5b2/3K3n/1P6/2k2Br1 w - - 1 1, True, 8/8/1n6/5p2/8/k1B4n/2K3B1/R7, 11, True, 200, None
8/1P3p2/1Nnn1P2/8/8/1N2PP1k/6n1/5K2 b - - 0 1, True, 5N2/5n2/3N4/4pn2/6k1/8/5K2/8, 25, False, 200, None
B3K3/2k2Rp1/8/8/7P/3r3b/4N2q/Q3n3 b - - 1 1, True, 4K3/4QRp1/4k3/8/3r3P/7b/6Bq/4n3, 20, True, 200, None
8/KB3k2/p4r2/p2P1b2/7p/8/P2B2P1/8 b - - 0 1, True, 2k5/8/3rb3/1B2B3/1K6/8/p7/8, 53, False, 200, None
5n2/2n5/5P2/P1p5/3PP3/2P4K/1P1P4/2k5 b - - 0 1, True, 5n2/2n2P2/8/P2k4/6K1/8/1P6/8, 9, False, 200, None
r7/B7/2P3P1/2Kp1b2/2Qb2q1/k7/7B/8 w - - 1 1, True, r7/2P3P1/8/3K1b2/1k6/8/7B/8, 9, False, 200, None
7R/1pK4n/P3p1k1/8/5p1R/P2pb3/8/8 b - - 0 1, True, 8/7k/p3K3/8/8/P3bp2/8/3R4, 10, False, 200, None
2k3n1/1PP2b1B/2p5/6K1/4p3/P7/5p2/7R b - - 0 1, True, 8/8/n1p5/8/B3b2R/K1k5/8/8, 79, False, 200, None
8/2p5/p1k5/6q1/2p2p2/p7/6pB/K3QN2 w - - 1 1, True, 8/2p5/pk6/8/2p2B2/8/1p6/K7, 20, False, 200, None
7n/r1N5/2q5/3N2bk/8/P7/rR6/4N1K1 b - - 0 1, True, 7n/2N5/8/6bk/8/2r2K2/1r6/4q3, 15, True, 200, None
7K/N1P4R/8/3N2N1/3P1r2/q2k4/2P5/4r3 b - - 0 1, True, 6r1/N6R/5N2/5KN1/3P4/8/2Pk4/5q2, 29, True, 200, None
3n4/6r1/Q1B1n3/2k3P1/8/1P6/K2P1P2/5q2 w - - 1 1, True, 8/1Q6/8/4nk2/6r1/8/K2P1P2/8, 21, False, 200, None
q7/4n3/8/3N3B/P1B1R3/1krB4/1p5K/8 b - - 0 1, True, q7/8/8/3N4/P1B5/8/4R2K/1k6, 17, False, 200, None
n1K2b2/8/4NR2/6k1/8/3N2pb/3Qn3/3n4 b - - 1 1, True, 8/K7/3b1k2/3b4/8/3N4/6p1/3Q4, 10, False, 200, None
1r6/6p1/1kp5/8/np6/5Q2/1K2n1PP/2R5 w - - 0 1, True, 3Q4/1k6/3n4/2p5/Kp6/3r4/6PP/8, 36, True, 200, None
8/Bn3kb1/4P3/6b1/1K6/8/b3Qp1b/5N2 b - - 1 1, True, 8/5k2/2Q1b3/3Nbn2/8/8/8/4K3, 33, False, 200, None
6n1/8/4B2b/pP6/5k2/3B1p2/1K2n2P/7N b - - 0 1, True, 1b6/8/8/8/pK6/4kB2/4n3/5B2, 32, False, 200, None
K1k5/2q3B1/4N3/1B6/2n5/3N2B1/2b1N3/6b1 b - - 0 1, True, K1k5/q5B1/4N3/1B6/2n5/3N2B1/2b1N3/6b1, 1, True, 200, None
5k2/K4P2/6P1/P7/8/4P3/RrP2P1n/6b1 w - - 1 1, True, 8/K7/7R/P6k/5Q2/4P3/2P2b2/8, 17, True, 200, None
8/1p6/3b1P2/4N3/3P1P2/2K5/P3N3/3bnk2 b - - 0 1, True, 8/1p1k4/1N1n1P2/2K4b/P2P4/8/8/8, 62, True, 200, None
2n5/4PP1b/8/b2B1Pk1/8/n3N1N1/8/6K1 w - - 1 1, True, 2n5/8/6bQ/3B1P2/2nkN3/2Q1N3/8/6K1, 13, True, 200, None
8/p1PB3K/4B3/4B1bp/5p2/p7/3k4/7n w - - 1 1, True, 8/p6K/4B3/1B2B1bp/8/p3kp2/8/4Q2n, 13, True, 200, None
8/1r4p1/4Nnr1/k7/1N5P/6PK/5P2/7B w - - 1 1, True, 8/1B6/7P/5r2/1k5K/6P1/5n2/8, 20, False, 200, None
N6R/8/3b1B1q/1K3P2/4b3/2B1k3/5Rr1/8 b - - 0 1, True, 2K5/3N4/3b1B2/5b2/3r4/8/4k3/8, 19, False, 200, None
3B1k2/3p4/4P1N1/6pp/4KQ2/n5q1/1p6/8 b - - 0 1, True, 3B3k/3p1Q2/4P1N1/6pp/4K3/n5q1/1p6/8, 8, True, 200, None
3r4/8/5B2/3P3P/1n2kq2/1P3P1B/8/5b1K b - - 0 1, True, 8/6r1/8/3P3P/1n2k1B1/1P6/6q1/5bK1, 7, True, 200, None
2Q1r3/4k2p/p5P1/3N2K1/3p4/1B6/p7/4n3 b - - 1 1, True, 4r2k/5QPp/p7/3N2K1/3p4/1B6/p7/4n3, 6, True, 200, None
1kB5/7p/4n3/1B1N4/3bN1b1/8/1nP5/2K5 w - - 1 1, True, 1k6/8/7b/8/4K2p/7B/2n1N3/8, 24, False, 200, None
3Q4/4R3/4p3/3k4/1R4KB/2nb3n/5B2/2q5 b - - 1 1, True, 8/4R3/4p3/4k3/1R1Q2KB/2nb3n/5B2/2q5, 2, True, 200, None
1K3n2/6P1/2B5/6n1/B1P2n2/3P4/Q6q/6k1 b - - 0 1, True, K7/8/8/1Bq5/2PPn3/8/2k5/8, 29, False, 200, None
7N/1K1Pr3/7N/5N1b/4k3/8/2n3N1/2B2q2 w - - 1 1, True, 2K5/8/6Nr/8/8/8/2n2k2/2B2N2, 12, False, 200, None
5B1N/5pb1/7n/4p1n1/2p1B3/1k1B4/8/6K1 w - - 1 1, True, 8/8/5B2/4N3/3nB3/2k5/2n2K2/8, 19, False, 200, None
2qk2B1/K5B1/3b1rP1/8/7N/4N3/4bB2/8 b - - 0 1, True, 2qk2B1/K5B1/5rP1/2b5/7N/4N3/4bB2/8, 1, True, 200, None
K7/1Rk4p/6N1/n4R2/p3b3/5P2/q1P5/8 b - - 0 1, True, 8/Kbk4p/2n3N1/5R2/p7/5P2/q1P5/8, 3, True, 200, None
2k5/P1Q5/8/2P1qr2/2pP4/2R5/2b4P/K7 b - - 1 1, True, b6R/k3r3/8/2P5/8/2K5/7P/8, 15, False, 200, None
8/1P6/4Nn2/7K/P1N4P/5b2/2n1P3/kr6 w - - 0 1, True, 5K2/8/N7/2rN1n1P/8/8/1k6/8, 25, False, 200, None
K1bN4/p4rP1/p1P5/8/2k5/2r2R2/5R2/8 b - - 0 1, True, 8/2P5/1K6/N7/2k5/7b/R7/2r5, 34, False, 200, None
8/4k1br/8/1P6/2N1r3/4PK2/1pN4R/r7 b - - 0 1, True, 8/8/1P1k4/8/2rNK1r1/4P3/8/5q2, 15, True, 200, None
K7/6p1/1k6/4b3/2P4N/3b1b1B/8/B1b4N w - - 0 1, True, K7/6p1/1k6/4b3/2P1b3/5N1B/8/B1b4N, 2, True, 200, None
2B3k1/2Q1n3/n1P1B3/6p1/7n/8/2K1b1b1/8 b - - 1 1, True, 6k1/8/n1P1B2Q/6p1/7n/8/2K1b1b1/8, 14, True, 200, None
2N5/rB6/P7/8/1r6/K3PB1N/4kb2/2n5 b - - 1 1, False, 8/3Nr3/2BbB3/6k1/3N4/1K6/8/8, 100, False, 200, None
B6r/8/6Q1/r7/2q1Pp2/R5P1/p5K1/3k4 w - - 1 1, True, 5r1r/4K3/q3q3/8/3RP3/5p2/8/4k3, 22, True, 200, None
4K3/6q1/5Qk1/1P5P/3n4/1n2P2r/3P4/4N3 b - - 1 1, True, 2K5/2q5/4nk2/1P5P/8/1n2P2r/3P4/4N3, 5, True, 200, None
7r/2N5/R1b5/b7/B1k2B2/P7/1P6/K5q1 w - - 0 1, True, 8/8/8/b2bB3/P7/Kq1k4/8/7r, 14, True, 200, None
3B1n2/4N1p1/4B3/1KP2p2/6p1/8/p3k3/1b6 w - - 1 1, True, 2K5/8/8/2B5/1n2N1p1/8/8/5kr1, 51, False, 200, None
N7/1Qp5/4P3/8/4R1K1/5p1r/1p3k1p/3r4 w - - 1 1, True, N7/2p5/4P3/8/5K2/3r4/6R1/5k2, 17, False, 200, None
5q2/2P1N3/B3K2Q/3p4/2p1k2p/5p2/8/1b6 w - - 1 1, True, 8/4N3/B7/4K3/7p/3p1Q2/5Q2/1b2k3, 15, True, 200, None
8/1b2P3/1PP5/7k/3N1p2/8/3B2P1/1Kb2b2 w - - 1 1, True, 6Q1/8/1P6/1b5k/3N1QP1/8/1K6/4B3, 17, True, 200, None
8/6N1/b2k4/1r2R3/2P2q2/K2P3P/4P3/4R3 w - - 1 1, True, 8/6q1/2k5/8/4R3/1K1P3P/4P3/8, 12, False, 200, None
3q2k1/8/3p2p1/3K3b/1N6/n1P5/3B2P1/4Q3 w - - 1 1, True, 6Q1/6k1/3K2P1/8/1N6/2P5/3n4/8, 11, False, 200, None
8/3pk3/5R1B/4B3/3K4/2P2nq1/1n1p4/5Q2 w - - 0 1, True, 8/3p4/4k3/4B3/5B2/2P1K3/8/3q4, 24, False, 200, None
2b5/2Nn4/7b/2KP4/2p5/6Qq/2k1P2N/8 w - - 0 1, True, 2b5/2Nn4/2K5/2qP4/2p2b2/1k6/8/4N3, 12, True, 200, None
1k6/2r2P1p/3K1P2/4r1N1/4P3/8/5p1P/2N5 w - - 1 1, True, 8/4kP1p/8/1q4N1/4PN2/3K4/7P/8, 32, True, 200, None
1bR5/4nPB1/1p6/1B2k3/1p6/4P3/Kp6/8 b - - 1 1, True, 8/8/1pB4B/8/1p3Q2/8/8/1K2R1k1, 16, True, 200, None
8/6qp/3k4/5Q2/pp6/1pp2N2/p1N5/1K6 w - - 0 1, True, 8/7p/4q3/4k3/8/KppQ4/8/8, 57, False, 200, None
1b2k3/2N5/8/2P1B1N1/2p3K1/2Bn4/4N2q/8 b - - 1 1, True, 8/2b2k2/2N1N3/3K4/8/8/2p5/2B5, 36, False, 200, None
2R5/1k3r2/5q2/4PKNR/r2p4/4R3/8/3b4 w - - 0 1, True, 8/8/1k1N1P2/5K1b/r7/8/4R3/8, 9, False, 200, None
5q2/8/Pk3N2/8/1r3N1P/4p3/pP1b4/4K3 w - - 0 1, True, 8/8/k7/7K/4q2q/1P2p3/3b4/8, 14, True, 200, None
8/Q3Pbk1/8/6P1/1q3P1P/3PK3/P4b2/8 w - - 1 1, True, 8/Q3P1k1/6b1/6P1/7P/3q2K1/P7/8, 50, True, 200, None
1B1B4/K3b2Q/5P2/2N5/4b3/k6q/1b1r4/8 b - - 0 1, True, 1B6/5q2/1B6/K1b5/8/k1bb4/3r4/8, 9, True, 200, None
n3r3/4rk2/Rp3P2/P1R5/2K5/2N5/6p1/8 w - - 1 1, True, R5k1/1r6/5P2/1N6/1K6/8/6p1/8, 11, False, 200, None
3b2n1/5Kn1/8/rR6/3n2NQ/7N/3k2b1/8 w - - 1 1, True, 3b2n1/5Kn1/8/rR6/8/4N2N/5Qb1/4k3, 11, True, 200, None
5R2/4kB1B/7p/3r4/2p5/3Q1r2/6p1/3Kr3 w - - 1 1, True, 5k2/8/1K5p/6q1/r7/8/3p4/4r3, 18, False, 200, None
3B2BN/8/5rq1/3Kb3/8/8/r4kPN/2N5 b - - 0 1, True, 3B4/8/q7/1K6/2r5/8/r4kPN/2N5, 11, True, 200, None
3N4/B2K4/1B6/k3R3/3nn1B1/5n2/5p1n/8 b - - 0 1, True, 8/B2K4/8/4N3/3Bn3/1k6/8/5n2, 11, False, 200, None
8/6P1/8/8/1p1pPk1p/6Np/6p1/4K1qQ w - - 1 1, True, 8/8/8/8/3p3p/1Q1k4/4N3/4K2Q, 15, True, 200, None
7b/8/8/2r2P2/BpP3Rk/5qN1/6P1/7K b - - 1 1, True, 7b/5P2/8/8/Bp6/6k1/6q1/2rN3K, 11, True, 200, None
8/1b2b3/R1Kp4/2p3R1/2k5/2p2P2/1Rr5/8 w - - 1 1, True, 8/4K3/r7/2pk1P2/3b4/2p2R2/8/2R5, 61, True, 200, None
n7/5P1N/5p2/1k5b/4n3/4Q3/3np1P1/K7 b - - 0 1, True, 8/8/1n4b1/1kn5/8/5Q2/6P1/K7, 11, False, 200, None
7k/8/2B2q1P/1P1r4/7P/2P5/P3np1K/8 w - - 1 1, True, 7k/8/7P/1P1B4/7P/2P3qK/P3np2/8, 4, True, 200, None
K1B3N1/7B/1Pr4b/4k1P1/8/4b2r/8/4N3 w - - 1 1, True, 4K3/2r3P1/3k2B1/8/8/5N1B/8/8, 19, False, 200, None
8/2n5/N7/p1P1K3/2k4N/2B5/2q4r/B3N3 w - - 1 1, True, 8/3k2B1/2n5/3N1r2/3BK3/8/8/8, 78, False, 200, None
8/K1R2N2/1pb5/8/8/5B1N/BP3qk1/6r1 b - - 0 1, True, 8/1KR5/2B1q3/1p6/8/6k1/8/6N1, 12, False, 200, None
2k2K2/2p4P/1Q4P1/2P1B3/3b4/2qP4/8/2n5 w - - 1 1, True, 2k2K2/2Q4P/6P1/2P1B3/3b4/2qP4/8/2n5, 1, True, 200, None
1N6/2K5/P7/7r/1q5R/kn6/RN6/5Rr1 b - - 0 1, True, 8/P2K4/8/8/1R6/1n6/kN6/5r2, 8, False, 200, None
8/7Q/2k5/2n5/4p1BK/B2p1P2/P1b5/1q6 w - - 1 1, True, 8/8/kQ6/2B3K1/5P2/3p4/P1b5/8, 39, True, 200, None
2B5/8/4b1p1/4k1R1/2P5/Q1p1p3/2pp4/6K1 b - - 0 1, True, 8/4Q2k/6p1/8/2P5/2p5/2pp4/6K1, 52, True, 200, None
6k1/qR6/1P6/2bB4/6K1/3n3N/1B6/4B1n1 b - - 0 1, True, 6k1/1R6/8/2BBB3/6K1/7N/8/6n1, 14, True, 200, None
3K4/2P3p1/5k2/4p1R1/2N2p2/2pp4/n4B2/8 w - - 1 1, True, 8/2K3p1/3Qk3/4N1R1/5p1B/2p5/n7/8, 11, True, 200, None
3k3n/8/3p4/2p2R1N/K6p/1PP5/8/6qQ w - - 1 1, True, 7n/7Q/3k4/1KpR4/5N1p/1PP5/8/8, 11, True, 200, None
4n3/2N4k/6pn/4n3/N2n4/3P2Q1/6K1/1b6 b - - 0 1, True, 6k1/5b2/6p1/3nQ1Kn/8/8/8/8, 47, False, 200, None
8/1P3P1R/3q4/3R2r1/7p/4p3/3P1k1B/7K w - - 1 1, True, 8/7R/3R4/8/7p/4P3/5Q2/4k1BK, 13, True, 200, None
2N3BN/4nP2/4K3/5r2/6k1/7P/3r2B1/6b1 b - - 0 1, True, 6B1/4NN2/4K3/8/7k/8/6r1/6b1, 7, False, 200, None
6b1/4p1p1/1P2p3/1N6/7K/4k3/3b1B1p/1N6 b - - 0 1, True, 6b1/4p1p1/1P2p3/1N6/4K3/4q3/3N1k2/8, 9, True, 200, None
3n4/8/K6N/2nP3p/5P2/3P4/k1N3P1/6b1 w - - 0 1, True, 8/8/K7/5N1p/3N4/1k1P4/6n1/8, 15, False, 200, None
3N4/p3n3/6n1/8/3P3p/2KQ1P2/k6n/4B3 w - - 1 1, True, 3N4/p3n3/6n1/8/3P3p/kQK2P2/7n/4B3, 3, True, 200, None
2q5/4N3/4b2P/4k3/K7/6bp/3RP2N/2B5 b - - 0 1, True, 8/5k2/2b4P/8/7q/6bK/1B2P3/8, 27, True, 200, None
4b1k1/1Bq5/BP6/6K1/3Nb3/6b1/2b5/5Q2 b - - 0 1, True, 4b1k1/1B4q1/BP6/6K1/3Nb3/6b1/2b5/5Q2, 1, True, 200, None
1q6/2n2Q1B/5P1K/4p3/2P5/P4b2/P5k1/8 b - - 0 1, True, 5Q2/6K1/8/3P2q1/8/P4b2/P5k1/8, 31, True, 200, None
5b1q/5BPP/3n4/1b6/5Q2/2B5/4P3/4K1k1 w - - 1 1, True, 5b1q/5BPP/3n4/1b2B3/8/8/4P2k/4KQ2, 3, True, 200, None
1r6/P5R1/2Rr1K2/k1r5/2Qr2p1/8/7N/8 w - - 0 1, True, 2r5/k1rRK1R1/8/8/6N1/8/8/8, 12, False, 200, None
8/3K2n1/2p3Pb/3R2r1/2p5/R1k5/p7/4Q3 b - - 0 1, True, 8/3K2n1/2p3Pb/6r1/2p5/R1Q5/p7/1k1R4, 4, True, 200, None
q7/2k5/2p5/1P5P/7P/3n4/4K1RR/5R1r w - - 1 1, True, 8/6R1/7P/8/k1pq1K1P/8/8/1R6, 50, True, 200, None
6B1/3p1K2/2P1n2b/1P6/k4p2/8/1bBN4/8 b - - 0 1, True, B7/3P4/1b1bk1K1/8/4N3/8/8/8, 37, False, 200, None
6N1/b7/1b2np2/1r1Qb3/3P1R2/1K6/8/6k1 w - - 1 1, True, 8/8/8/8/1b6/4b1b1/2K5/5kNQ, 55, False, 200, None
4K3/3P4/2p5/1k2p3/pp2P3/3p2b1/4B3/3N4 b - - 0 1, True, 4K3/8/2Q5/4p3/N4k2/6b1/8/q7, 22, False, 200, None
1k6/p1P3qP/K7/P4R2/1P2P3/2b5/8/B7 b - - 0 1, True, 8/K2k4/8/P1R5/1P2q3/2B5/8/8, 11, False, 200, None
1r6/2Rn2p1/6N1/7N/2p3p1/4k3/7K/Q5q1 w - - 1 1, True, 8/6p1/8/7N/2pR3N/5kp1/3Q4/6K1, 13, True, 200, None
B6n/3P1r2/2p1k3/6n1/4B3/1R5R/1r6/7K b - - 0 1, True, B6n/3P4/2p1k3/6n1/4B3/1R5R/1r6/5r1K, 1, True, 200, None
4n1kR/8/5pB1/6P1/8/1R4pK/1np4b/8 b - - 1 1, True, 7k/8/3n1n2/8/8/6RK/2B4b/8, 8, False, 200, None
6Q1/2r2r2/2r3P1/1R6/8/3k2p1/1R5B/2K4b w - - 1 1, True, 8/r7/6P1/1R6/1Kr5/2rk2p1/1R5B/7b, 10, True, 200, None
4n3/8/8/1q3P2/N1r2K2/kPn5/N2R3R/8 w - - 0 1, True, 8/8/2k5/8/3n4/4q1N1/R5K1/4R3, 87, False, 200, None
2N5/2p3N1/3p3k/4p3/p7/5bN1/p1p5/5K2 b - - 0 1, True, 2N5/2p5/3pN2k/4p3/p6K/5qq1/8/8, 13, True, 200, None
5NB1/2r2Nk1/8/N7/5b2/8/3bN3/3Rq2K w - - 1 1, True, 8/2N2k2/8/N7/5b2/8/4N3/4b2K, 6, False, 200, None
8/8/1B6/3K1bq1/1r6/1p2PP2/1N2bNk1/8 b - - 0 1, True, 8/1b6/8/1rq5/3K4/1p2PP2/1N2bNk1/8, 7, True, 200, None
4nk2/8/2n5/3npQ2/2N2b2/5B2/1nK4P/8 b - - 1 1, True, Q3Nk2/8/5n2/8/4pb2/8/1K6/8, 16, False, 200, None
4K3/r2p1N1B/R7/5P1p/8/6P1/3q2B1/2k5 w - - 1 1, True, 8/5P1B/8/7K/8/3Nq3/3k2B1/8, 41, False, 200, None
1r6/5R2/4q1P1/1B2n2K/3RN3/3R1r2/8/5k2 b - - 0 1, True, 1r6/5R2/6qK/1B2n3/3RN3/3R1r2/8/5k2, 3, True, 200, None
8/1KP5/5B1b/1Q4P1/4p3/1Pp2r2/3q4/4k3 b - - 0 1, True, 8/8/KB5q/4Q3/8/4pr2/4k3/8, 31, False, 200, None
4r3/3K2k1/r5Nn/2P2b1B/8/8/4B1b1/2B5 w - - 0 1, True, 3K4/r4nk1/2b3N1/2P2b1B/8/8/4B3/2B5, 8, True, 200, None
8/P2B3P/b6k/8/2n5/6P1/P3PP2/3b3K w - - 1 1, True, 4n3/8/8/6k1/4Q2Q/6P1/P3PP2/3b3K, 11, True, 200, None
B7/1p3P2/1bP2PnP/3B4/1b6/3K4/8/k7 b - - 0 1, False, 7n/6b1/8/2p5/2B1B3/8/1bK5/k7, 100, False, 200, None
1k6/8/5P2/5PP1/2bP3N/P7/1p6/r1n4K w - - 1 1, True, 1k6/8/5P2/3b2P1/3P4/P4N1q/4n3/7K, 12, True, 200, None
8/7n/3B1b1K/5P1p/1PbN3B/2k5/4p3/8 w - - 1 1, True, 8/8/5B1K/5P1p/1Pk5/8/4b3/8, 7, False, 200, None
8/3R4/Q2N3B/rrk4p/8/8/3Kb2P/r7 w - - 1 1, True, 8/8/7B/7p/8/2Q5/3Kb2P/Rk6, 19, True, 200, None
4N3/p3p2p/3B3p/7k/7p/2p1b3/3N4/4K3 w - - 1 1, True, 8/8/1b6/6NK/p3p3/1k6/8/4N3, 67, False, 200, None
6n1/1p2p1p1/8/R3P2K/5B2/6R1/1pp1k3/8 w - - 1 1, True, 6n1/1p2p1p1/8/4P2K/5B2/4R1R1/1p6/2q2k2, 20, True, 200, None
7R/3Q2p1/5p2/4p2k/2p4q/3NK3/2bP4/8 b - - 1 1, True, 7R/6Q1/5p2/4p2k/2p4q/3NK3/2bP4/8, 10, True, 200, None
8/4RQ2/4b3/1q6/6p1/3p2pk/P7/2b1K1R1 w - - 1 1, True, 8/4R3/4b3/1q6/6p1/3p2p1/P5k1/2b1KQ1R, 3, True, 200, None
8/6p1/1Np5/3p2p1/P1K4p/P7/kn3B2/8 w - - 1 1, True, 8/6p1/8/6K1/n1k4p/P7/5B2/8, 11, False, 200, None
5k2/1Pn4P/p4Q2/1P6/8/7p/2K3p1/b3b3 b - - 1 1, True, 7b/7P/7k/8/4Q3/7p/4K1p1/8, 60, False, 200, None
4k3/P7/Rr6/2p2K2/p1Pp4/2P1B3/b7/8 w - - 1 1, True, R3k3/1Q6/8/2p2K2/p1Pp4/2P1B3/b7/8, 7, True, 200, None
8/1B6/1n6/8/3n1pN1/p2p2RB/6p1/3K2k1 w - - 1 1, True, 8/1B6/1n6/8/3n1p2/p2p3B/6RN/3K1k2, 3, True, 200, None
5k2/3K4/5b1R/5p2/6Q1/2P2pb1/5R1n/1b6 w - - 1 1, True, 5k2/3K4/5R2/5p2/6Q1/2P2pb1/5R1n/1b6, 1, True, 200, None
8/1p3Q2/1p4pK/p1R5/k7/7n/6N1/2q1N3 w - - 1 1, True, 8/1p6/1p4pK/p7/k4n2/8/1Q4N1/R3N3, 7, True, 200, None
1b4n1/7b/1K6/5b2/7P/1n1p2k1/NN6/1Q6 w - - 1 1, True, 8/8/5nk1/5b2/5Q2/2K5/3p4/3N4, 41, False, 200, None
8/BbK2b2/3P4/4Q2r/2N2r2/8/N7/1k4q1 b - - 0 1, True, 8/1b1K4/3P4/2q4r/8/8/b7/1k6, 7, False, 200, None
1b5B/2n1n3/8/3QK3/8/4N3/2bbk3/5B1n b - - 0 1, True, 1Q6/4nK2/8/3n4/5nk1/4B3/8/8, 20, False, 200, None
6QN/1pP5/4K3/R7/3q3p/1n5p/1Pk5/8 b - - 0 1, True, 2K4N/1pP5/8/n7/1P5p/8/2kq2Qp/8, 27, True, 200, None
8/7k/1K2Bb1r/1b6/6n1/3N3n/2Q4R/7N w - - 1 1, True, 8/8/1K2B2r/4bQ2/7k/7R/8/7N, 15, True, 200, None
n1B4r/8/1PK2b1P/4R1P1/2R5/2k5/8/3r4 b - - 1 1, True, Q7/8/2K1r3/3R2b1/2k5/8/8/3r4, 21, False, 200, None
8/q7/2p3N1/3Qr3/2k2K2/4P3/1p2P1P1/1n6 b - - 1 1, True, 8/8/2p5/4r1q1/2k1P3/4P3/3n1K2/5q2, 15, True, 200, None
3Q2r1/8/k7/3Pn1BR/2p5/6b1/7p/3bK3 w - - 1 1, True, 1b6/8/2k4R/3n2B1/8/8/2p3Kp/8, 43, True, 200, None
1K3b2/6p1/1k6/4PpN1/p6p/2N4p/4P3/8 w - - 1 1, True, 8/4K3/8/4k3/7p/4p1p1/4N3/6N1, 25, False, 200, None
3r3k/7r/PR5Q/7p/5B1R/4K3/8/1rb5 w - - 0 1, True, 8/8/6k1/4B3/7R/8/r2r4/2R2K2, 17, False, 200, None
1b1Nb3/8/1PK5/4r3/P4P2/n7/2RB4/6k1 w - - 0 1, True, 3N4/1K6/5P2/8/8/1b6/2nB4/6k1, 11, False, 200, None
4R3/7P/n6p/k7/b1K5/n4R1p/4p2N/8 w - - 1 1, True, R1k5/6Q1/7p/3n4/2K5/7p/7N/3R4, 15, True, 200, None
1k6/7p/5R2/2q1p3/1rP5/1RP4K/P7/N7 w - - 1 1, True, 1N3K2/4R2p/4R3/8/k2q4/8/8/8, 36, False, 200, None
4B3/2B5/Q7/3p1k2/n1p5/3K4/2r3R1/b5n1 w - - 0 1, True, 8/2B5/6B1/3pb3/2p5/4k3/2K2QR1/6n1, 9, True, 200, None
N7/1R6/4pp1k/4pR2/3R2r1/8/pK4n1/8 b - - 0 1, True, 5R2/8/5pR1/4pk2/8/4n3/K7/8, 34, False, 200, None
5Q2/4R3/4k3/p4R1K/3p4/b3r3/1b1q4/7R b - - 0 1, True, 5R1k/4Q3/8/p2R3K/3p4/8/1b6/8, 20, True, 200, None
3N3B/K7/7B/2N2n2/q6B/n6k/4P2p/8 w - - 0 1, True, 1K1N4/1N6/1B6/3n4/q7/8/6k1/8, 39, False, 200, None
8/3p2p1/kP4P1/4PP2/B7/4K3/2r1p3/1n6 b - - 0 1, True, 8/3p2p1/kP4P1/4PP2/B6K/8/7r/1n4q1, 7, True, 200, None
3BK3/8/n1Pk4/2P3R1/1p4r1/8/1P6/2qB4 b - - 1 1, True, 4K3/8/2k5/2B5/1p4r1/8/1P6/3B4, 6, False, 200, None
4b3/r5RK/3p4/5p2/5rR1/p1B1k3/B7/8 b - - 0 1, True, 8/8/2b5/4K3/3p1B2/p2k4/B7/8, 18, False, 200, None
8/1B3n1B/nB3P2/8/4r3/7P/3K3p/1b5k w - - 1 1, True, 8/5n2/nB3P2/8/4B3/7P/3K3p/7k, 3, True, 200, None
6R1/7N/2N3q1/b1P3r1/8/1P1r4/k2K4/B7 w - - 1 1, True, 6R1/7N/2N5/b1P3r1/4q3/1P3r2/k4K2/B7, 4, True, 200, None
4q3/5RP1/5K2/5R2/4Pb2/1n1Pkp2/7P/8 w - - 1 1, True, 1q6/6K1/5R2/8/4Pn1Q/3Pkp2/7P/8, 41, True, 200, None
8/Q1P5/8/1Pb4n/2P5/Pq2P3/k2p4/6K1 w - - 1 1, True, 8/2P5/8/1PQ4n/2P5/P3PK2/k1q5/3q4, 10, True, 200, None
6n1/2N1b3/n1R5/3r4/p2k4/8/P3K3/1N2N3 b - - 0 1, True, 8/3k4/8/R1b5/p3K3/8/P3n3/8, 30, False, 200, None
3n4/8/2p3P1/4pN2/3Kp3/2pp3R/3k4/7R w - - 1 1, True, 8/8/8/2p1pN2/8/4K3/3Q4/1Rnk4, 19, True, 200, None
B7/5B2/3n3b/1P6/N7/N1b2k2/4r3/5b1K b - - 1 1, True, 8/5B2/3n3b/1P6/8/5Bk1/4b3/3r3K, 9, True, 200, None
8/5p2/2B1n1p1/B3K3/Pbn5/8/P7/B3k3 w - - 1 1, True, 8/5n2/5Kp1/n7/P7/8/P2k4/8, 12, False, 200, None
8/7p/8/2p2R1p/8/6PK/1N2p1pb/1k5B b - - 0 1, True, 3K4/2q4p/6q1/2p2R1p/8/8/1N5b/1k6, 11, True, 200, None
8/pr1N4/8/3n3n/4N3/3K4/3pR2k/4Q2b b - - 0 1, True, 8/pr1N4/3N4/3n3n/5k2/3K4/3p1RQ1/8, 8, True, 200, None
8/kp6/4B3/5Np1/bp3R1p/5n2/3K4/4Q3 w - - 1 1, True, 8/8/k3B3/5N2/p5pQ/8/3K4/8, 9, False, 200, None
B2K4/1R1RN2k/8/8/7n/1n4n1/2b5/1q5B w - - 1 1, True, B7/8/6k1/4K3/3nb3/8/4n3/5R2, 24, False, 200, None
3b1r2/8/2P1P1P1/2r5/2P1P3/6p1/1K5B/3k4 b - - 0 1, True, 1r6/6P1/2P1P3/r3P3/K1P5/2b5/7p/3k4, 9, True, 200, None
8/1k6/1P1p4/3B1p1n/3P3p/2Kp4/6p1/7B b - - 1 1, False, 8/7K/3p1kn1/3P4/8/5B2/7p/7B, 100, False, 200, None
K7/1p1PP3/5pP1/1r5p/4N3/3k4/1P3b2/8 w - - 1 1, True, K7/6P1/5p2/1p4kp/4Q3/8/1P3N2/2Q5, 21, True, 200, None
n7/1r1P4/3n4/1PP4N/8/1q6/6P1/1k2B1K1 w - - 1 1, True, 8/8/1n6/1k5q/6r1/6B1/8/3Q2K1, 54, False, 200, None
3R4/6P1/3Kq3/r7/2N5/1P1BrN2/k7/6b1 w - - 0 1, True, 1K1r4/r5P1/8/2q5/2N5/1P1B1N2/k7/6b1, 10, True, 200, None
8/3B3B/1b6/3k1r2/7q/3pP1PN/8/1N3K2 w - - 0 1, True, 8/8/8/b2q1Bk1/4B3/3N4/8/2K5, 24, False, 200, None
8/r7/1k6/1N3n1B/3Nn3/8/P5N1/N4qK1 w - - 1 1, True, 8/8/1k6/7n/3N4/5K2/r5N1/N7, 8, False, 200, None
K7/B1r5/2k5/1N1P4/8/2n4B/2qP2r1/Q7 b - - 1 1, True, KB6/q2k4/8/8/2r5/2n5/6B1/8, 23, False, 200, None
5q2/1Q4Nk/1p5r/4P3/8/7B/1K3n2/2b3R1 w - - 0 1, True, 5K1k/5QN1/1p6/4P1qr/8/8/8/8, 41, True, 200, None
8/P6P/3p2p1/8/p5p1/1N1K4/p6k/3N1n2 b - - 0 1, True, 7Q/8/6p1/8/8/6p1/pp1K4/3N1k1Q, 18, True, 200, None
8/P2qp3/3p1pQ1/8/2P1P3/2P2p2/k1K5/8 w - - 1 1, True, 8/4p3/3p1pQ1/8/Q1P1P3/2P2p2/k1K5/8, 3, True, 200, None
8/2Q1p3/R7/7b/r1K2n2/5pp1/1B6/1k5n w - - 1 1, True, 8/8/4p3/8/QR1B4/5pp1/k2K4/8, 19, True, 200, None
8/5B2/2p5/4p2n/1P6/4k2K/P1p1r3/Q6b w - - 1 1, True, 8/8/8/2Q1p1K1/p1b5/8/2k1r3/8, 28, False, 200, None
8/1P1b3b/7K/N1B2r2/8/2p4k/3Rb1N1/8 b - - 0 1, True, 2b5/1N6/1r6/4K3/8/4N2k/3B4/8, 16, False, 200, None
4B3/3Q4/1k1bR2n/6n1/3P2p1/n7/p5K1/8 w - - 1 1, True, 4B3/8/3R3n/k5n1/Q2P2p1/n7/p5K1/8, 3, True, 200, None
6r1/8/2B5/4bk2/2R4p/5b1p/1b1N4/4KQ2 w - - 1 1, True, 2Rk4/8/4Q3/3Bb3/7p/7p/1b1N4/4K3, 13, True, 200, None
2k5/8/2n5/1B1r4/2N1N2B/2b1K3/1b6/1R1b4 b - - 0 1, True, 8/8/2k5/3r4/4N2B/8/1Rb5/4K3, 18, False, 200, None
2N1k3/2P3P1/1r1q4/5P2/3r1p2/1K6/8/4B2Q w - - 0 1, True, 4k3/2q3P1/8/5P2/5p2/2K5/8/7Q, 8, False, 200, None
1b6/4R1p1/4p3/3P4/R7/2k2Q2/4n3/r4N1K b - - 0 1, True, 1b6/1R4p1/4p3/3P4/R1Q5/8/1k6/r4N1K, 6, True, 200, None
3N4/5K2/1np2Q1r/3p4/2Rk3b/8/P3p3/8 b - - 1 1, True, 4K3/8/8/3Q4/2n4b/8/kqN5/8, 22, False, 200, None
6Q1/3b4/2p1b3/1Pk3N1/Pp3R2/7p/4K3/8 w - - 1 1, True, 1B6/3b4/3Q4/2pk4/Pp3R2/7p/4K3/8, 13, True, 200, None
1k6/4p3/5p2/1q4K1/2NQ4/4B1N1/b2p2b1/8 w - - 1 1, True, 8/6N1/5K2/3kp3/1Bb5/8/6b1/8, 15, False, 200, None
7r/4R3/5QNP/7K/1k6/7b/3p4/5qRn b - - 0 1, True, 8/8/6Nr/8/1k5K/5q1b/8/6qn, 9, True, 200, None
7r/B3R3/8/4N3/8/p2k4/1bP3N1/1K3bn1 b - - 1 1, True, 8/8/8/3NR3/8/4B3/K1k1b3/7r, 15, False, 200, None
8/1P1r1KPR/3k1r2/q7/6NP/8/2p5/3B4 w - - 1 1, True, 6q1/3r4/8/2k1NK2/7P/8/8/3q4, 14, False, 200, None
4Q3/7k/2p4r/8/2qK4/1Rpp4/6nB/7B w - - 0 1, True, 8/8/2p4R/8/8/2pK4/4QknB/7B, 15, True, 200, None
8/1K6/Nn2B2R/4p3/3n4/1p3P2/R7/4k1b1 b - - 0 1, True, 8/7R/3K4/8/1n2B3/8/4nk2/6b1, 19, False, 200, None
7R/1K6/B1n3p1/1Q1p4/Bk6/2p4p/7n/8 b - - 0 1, True, 7R/1K6/B1n3p1/3p4/B7/kQp4p/7n/8, 2, True, 200, None
8/4pk2/1B2p3/p3p2p/2N4b/4p3/8/K6N w - - 1 1, True, 8/4p3/1B6/7p/5p2/3N1k2/2K5/8, 22, False, 200, None
8/2RP4/3r3K/R1rp4/pb2k3/8/5b2/5Q2 w - - 0 1, True, 3Q4/7r/6K1/3pk3/p7/8/5b2/8, 21, False, 200, None
4nn1N/8/2P3pq/5KN1/P6k/4Q3/4p3/8 w - - 1 1, True, 8/8/P7/4q1p1/3n2k1/8/1K3Q2/8, 33, False, 200, None
6kn/R7/3RK3/1p6/Np2n3/B1nn4/8/8 b - - 0 1, True, 6k1/R4n2/2K5/3n4/p7/8/3n4/8, 11, False, 200, None
8/3P1Kp1/4p3/6Q1/P1R5/2P4p/3pk2b/8 w - - 1 1, True, 8/5Kp1/3Qp3/8/P7/2P4p/3Q4/1k2R3, 9, True, 200, None
6K1/2n2b2/8/4k3/NPPr4/B2qB1p1/8/8 w - - 0 1, True, 3r4/2n1Kb2/5q2/4k3/NPP5/B3B1p1/8/8, 6, True, 200, None
8/8/2n1Kp2/1n3Q2/5b1n/4R3/5bR1/k3B3 w - - 1 1, True, 3n4/3K4/5pn1/8/k7/1Q6/1R6/4B3, 15, True, 200, None
8/4b3/7N/2N3P1/R2r3N/KP2k3/1rr5/8 w - - 1 1, True, r7/6r1/1KN4N/8/8/1P6/5k2/8, 20, False, 200, None
8/4p3/5p2/1k1N1Np1/8/2Kp1p2/r2p4/1R6 b - - 1 1, True, 3r4/8/R7/6k1/6p1/2K1N3/6N1/8, 46, False, 200, None
K7/b1N2p1B/4Bn1R/b4b2/4k3/N7/8/8 b - - 0 1, True, K7/2N4R/8/b1b2k2/8/N7/8/8, 8, False, 200, None
5K1r/p7/8/N2p1Q2/PP5b/k2p4/8/1n6 w - - 1 1, True, 7r/1P6/2K5/3Q4/6n1/6N1/7k/8, 67, False, 200, None
3B4/7b/8/P2rR3/8/K4Pn1/1bP4B/3k4 w - - 1 1, True, 8/2B1B3/b7/P7/1K6/5r2/8/3k4, 16, False, 200, None
8/3r2N1/K3Q3/3b1k2/p1B5/8/b2bR3/3r4 b - - 1 1, True, 8/3r2N1/K7/3b4/p1B5/6QR/b2b1k2/3r4, 10, True, 200, None
8/6n1/5bp1/3p2Q1/2Bn1K2/2k5/2p4b/3B4 w - - 0 1, True, 8/8/5bp1/1B1p1n2/3n1K2/2k2q2/8/8, 12, True, 200, None
7N/2p5/1r2p2P/RP1n4/3K3n/8/4R3/4k3 b - - 1 1, True, 7N/4r3/1p1Rp3/8/1K2k3/8/8/8, 24, False, 200, None
8/1P1p1K2/p2Qp3/8/2B4p/3p1b2/2r5/5k2 w - - 1 1, True, 8/3p1K2/p7/4p3/7p/8/4Q3/1Q5k, 13, True, 200, None
4N2k/2b3r1/4r3/3K3Q/8/2BP2B1/P6q/8 b - - 1 1, True, 4N2k/2b3r1/8/8/Kr6/2qP2B1/P7/8, 15, True, 200, None
4r3/kB2p3/7p/5q1p/5B2/K7/2RQb3/8 w - - 1 1, True, k3r3/4p3/Q6p/7p/5B2/K7/1R6/8, 9, True, 200, None
rr6/5p2/8/4QN2/5p2/1b4k1/3KnP1R/8 b - - 1 1, True, 8/2K5/r1N2p2/2r5/b2Q4/8/4k3/8, 65, True, 200, None
4n2Q/2p5/bn4R1/2b2k2/2r5/2B2K2/5R2/8 b - - 0 1, True, 8/2p4Q/1n6/2b2rk1/8/2B3K1/4b3/8, 31, True, 200, None
q3k3/1n1pP1K1/P7/4PP2/4N3/8/1P6/1R6 b - - 0 1, True, R4K2/3p1N2/8/1k2Pq2/8/8/8/8, 53, False, 200, None
1r6/3kR3/1r1p4/5Bp1/rR4K1/8/p3Q3/8 b - - 1 1, True, 1rk1Q3/3R4/1r1p4/5Bp1/rR4K1/8/p7/8, 4, True, 200, None
8/B6Q/2B2ppk/n4qp1/K6B/8/3p4/8 b - - 1 1, True, 8/7k/5pp1/KqB3p1/2q5/8/5B2/8, 13, True, 200, None
K7/n4n2/3Q1B2/8/2R3n1/5p1k/2N5/2n2N2 b - - 0 1, True, 8/1K2n1R1/8/3N4/7k/6N1/8/2n5, 20, False, 200, None
1q6/1b6/2P2B2/2K4P/3p4/4k2b/1B1B4/2R5 b - - 0 1, True, 8/8/3K4/2R3Bq/3Bb3/8/4k3/8, 55, False, 200, None
5R1r/8/1K1p2r1/5R2/7P/2rpkB1P/8/8 w - - 1 1, True, 8/2R4P/8/3K4/4B3/7r/3p4/3k4, 48, False, 200, None
8/5R1n/1p2p3/P5K1/R3p3/p2p3k/8/7N w - - 1 1, True, 8/8/Pp2p3/6K1/8/4R3/8/3R3k, 11, False, 200, None
3r4/4Kr1n/6P1/k5p1/N7/3P3b/B7/3B4 w - - 0 1, True, 4K3/r4BPn/8/k7/4P3/8/8/8, 23, False, 200, None
8/8/2nK1P1p/7P/k5P1/b1B5/2P1n3/1B6 w - - 1 1, True, 4K3/5P1B/8/2b3p1/1kP5/8/8/8, 21, False, 200, None
2Qn4/2P1P1N1/2p5/2P5/8/1P2k3/7K/r3q3 w - - 1 1, True, 8/6N1/2p5/2P5/2Q5/k7/5Q1K/Q7, 15, True, 200, None
2qk4/pP2p3/5K2/5pp1/3p2Q1/5N2/8/3N4 w - - 0 1, True, 2k5/4p3/4K3/p5p1/8/6N1/8/3N4, 13, False, 200, None
3Q4/8/1N5R/5pb1/4pBk1/1p1p4/7K/3b4 b - - 0 1, True, 8/8/8/5p2/4p3/6K1/2Rk2N1/6b1, 42, False, 200, None
4K3/8/7q/N7/P1n5/k3p3/1nP1Br1B/8 w - - 1 1, True, 8/3r4/K1q5/8/P1n5/k3p3/2P5/8, 18, True, 200, None
3N1K2/8/8/6k1/5bQ1/1Pp2Bp1/1q2b2P/8 b - - 1 1, True, 3N1K2/8/8/8/5bQk/1Pp2Bp1/1q2b3/8, 6, True, 200, None
8/8/1r1q4/4N1P1/3K1nPP/p2P4/1k1P4/8 w - - 0 1, True, q7/8/3q4/6P1/1rNK2PP/3P4/2kP2n1/8, 18, True, 200, None
8/r4bP1/1B2k1rB/1B6/7K/5q2/2Q3P1/8 b - - 0 1, True, 8/r4bP1/1B2k1rB/1B6/6qK/8/2Q3P1/8, 1, True, 200, None
8/8/4P3/r5Rp/1B2b1n1/4k1b1/7R/1B2K3 w - - 1 1, True, 4b3/8/5b2/2B4B/8/1Kn5/8/5k2, 30, False, 200, None
K1k1B3/5b2/8/3B2N1/8/2n2p2/b2p2PP/8 b - - 0 1, True, 2k5/5b2/8/Kq6/8/2n2b2/7P/6q1, 15, True, 200, None
3BN1r1/P1K1p3/4b2k/8/4p2p/R7/3p4/8 w - - 1 1, True, 4r3/8/2K1b2k/8/4p2B/R7/8/8, 9, False, 200, None
8/2k1P3/q3RP2/1K6/2P5/n2P4/2N1B3/7n w - - 1 1, True, 4Q3/1k2R3/3P1P2/1K6/8/3P2n1/4B3/8, 11, True, 200, None
1N6/1q5P/2b5/5P2/1R5p/3k1K1N/8/N6n w - - 0 1, True, 8/6K1/8/8/1q2nN1Q/8/3k4/N7, 49, False, 200, None
8/P7/1k1KB3/7r/5n2/3Br2R/2PB3r/8 b - - 0 1, True, 2K1r3/P7/1k6/3r4/5n2/3B3R/2PB3r/8, 5, True, 200, None
6R1/4r1q1/1p3k2/1K4P1/8/P2R4/4PP1n/8 b - - 0 1, True, 8/8/3K4/8/7k/P5R1/4Pr1n/8, 21, False, 200, None
7r/2pn1P2/8/K4p1p/4p3/5p2/7k/4BQ2 w - - 1 1, True, 8/5P2/1n6/7p/4pp2/1K3p2/5B2/6Qk, 25, True, 200, None
8/P2K4/p6B/1k1R2b1/5bB1/4qP2/4N3/8 b - - 1 1, True, 3q4/3K4/8/8/1B2R2b/5P2/1k2B3/8, 77, True, 200, None
8/1bP2n2/7P/5k2/8/Pn2P2K/P6P/B7 w - - 1 1, True, 1K6/2B5/1P2k2P/8/4b3/2Q5/8/8, 79, False, 200, None
1N6/8/Q3Kp1R/4r3/6P1/4np1b/2k5/4r3 w - - 1 1, True, 8/3K4/5R2/8/6N1/4n3/2kQ4/4r3, 25, False, 200, None
8/8/1B2r3/1n2Q2K/2P2Bq1/5pP1/2r5/1k6 w - - 0 1, True, 8/8/1B6/1n2B3/2r5/5KP1/8/1k6, 5, False, 200, None
8/2rp1n2/1q2P1Np/8/8/K1k2QP1/4R3/8 b - - 1 1, True, Q7/3p4/k5N1/2Q4p/8/K5P1/8/8, 18, True, 200, None
7B/kP2P3/5qK1/6b1/3P1r2/8/2bR3R/8 w - - 1 1, True, 7B/kP2P3/6q1/6bK/3P1r2/8/2bR3R/8, 2, True, 200, None
8/N3R2b/5q2/p1P5/3P1K2/k6p/1r3Q2/8 w - - 1 1, True, 8/7b/8/pNPP4/6qK/1k6/6r1/8, 14, True, 200, None
8/P4k1R/7R/5K1R/7r/3P2q1/4P2r/3b4 b - - 1 1, True, Q3k3/6R1/5R2/5K1R/7r/3P4/4P2r/3b4, 6, True, 200, None
1N1Bn3/k1P5/b4p2/3P2P1/8/3P4/8/3b3K b - - 0 1, True, 3B4/5b2/2kn1P2/8/3P4/8/8/6K1, 17, False, 200, None
1b6/3r4/1q5p/7B/5NN1/K3N2R/7P/k7 b - - 0 1, True, 1b6/r7/1q5p/7B/5NN1/K3N2R/7P/k7, 1, True, 200, None
b4B2/8/4p1p1/2pk1K2/1P6/p7/4q3/2B3Q1 w - - 1 1, True, b4B2/8/4p3/6K1/1Pk5/B7/8/8, 15, False, 200, None
8/3r4/1k6/NRR5/1K1R2P1/r6B/5q1n/8 b - - 0 1, True, k1R5/3R4/8/NR6/1K4P1/r6B/5q1n/8, 6, True, 200, None
8/K7/1R2k2P/3r4/2Pb4/3P4/pP4N1/4r3 b - - 1 1, True, 2K5/8/1q5P/2b2k2/8/3P4/8/4r3, 13, False, 200, None
4N3/P7/r5r1/rR6/7N/4b3/P2N4/1K2k3 w - - 1 1, True, 8/r1N5/1r6/8/8/1N2k3/P7/1K6, 10, False, 200, None
3Nb3/1N6/Bk6/b7/2bN4/1pKn1P2/8/8 w - - 0 1, True, 2bN4/8/1k6/7b/5N2/8/3K4/2N5, 13, False, 200, None
r7/5p1P/2pp1KP1/8/2P5/4N2P/8/2n1k3 b - - 0 1, True, 7r/7P/5K2/3p4/7P/4N3/8/4k3, 20, False, 200, None
5nr1/7R/B7/1k3p1Q/8/K7/1n1p3P/2r5 b - - 0 1, True, 8/2k5/5Q2/5p2/8/K7/1n1p3P/2r5, 41, True, 200, None
6Rk/3p4/p7/2Bp1p2/1B3pp1/8/2pK4/8 b - - 1 1, True, 8/8/3p4/8/2kp2K1/5p2/3B4/4B3, 32, False, 200, None
5B1K/2p5/b3Q2p/8/2B5/5bb1/3nk1p1/8 b - - 1 1, True, 8/2p5/4Q3/4b1K1/8/3k4/6p1/6B1, 62, False, 200, None
8/k4N1P/3K2p1/7p/1Q2P3/2p3p1/7p/5q2 w - - 1 1, True, Q7/2k2N2/3Q2p1/4K2p/8/2p3p1/8/7b, 11, True, 200, None
7N/8/B3P3/6R1/P1q1n3/6K1/2r5/2k1Br2 w - - 0 1, True, 7N/8/B4n2/8/P5qK/8/2r5/2k1Br2, 8, True, 200, None
8/5P1Q/N2q4/r5n1/2R5/7p/6K1/k2N3b w - - 0 1, True, 8/5P1Q/N7/r5n1/2R2K2/5q1p/8/k7, 8, True, 200, None
1b6/6k1/6p1/7B/6K1/1q4P1/1N3BP1/2rn4 w - - 1 1, True, 1b6/8/6k1/8/7K/6q1/6P1/2rn4, 10, True, 200, None
2K5/1p6/2b1k3/8/3b1b2/4n2B/1R6/N2n2Q1 b - - 1 1, True, 8/1K3k2/8/1n6/5b2/4nB2/8/Q7, 10, False, 200, None
1Kb5/1B3B2/1rb5/3P4/8/7P/2p4n/2N3k1 w - - 1 1, True, 2K5/1B6/1r6/1n6/4B3/3Nk3/8/8, 15, False, 200, None
2k1b3/3P4/6P1/2Kn2P1/3P1P2/N5n1/P7/8 b - - 0 1, True, 8/k5P1/5P2/2K4n/6N1/1b6/8/8, 31, False, 200, None
8/2pp1p2/2k2pK1/B6B/1p6/4B3/6p1/5b2 w - - 1 1, True, 8/2pp1B2/5K2/1k6/2b5/1pB1B3/6p1/8, 22, True, 200, None
4N2b/8/4P1K1/1R3Rr1/1B2q2B/4n3/6k1/8 w - - 1 1, True, 8/8/4qbK1/5RB1/1B6/8/6k1/8, 6, False, 200, None
K1b5/4p3/8/5q2/2P2b2/1P6/1Q3pR1/Nk6 b - - 1 1, True, K1b5/4p3/8/5q2/2P2R2/1k6/8/8, 8, False, 200, None
8/8/8/1K1RNP1n/3kP3/1pNr4/2p5/2b5 b - - 1 1, True, 8/8/8/5P1n/2K1k3/2bR4/2p5/8, 13, False, 200, None
8/3k4/B5pp/3nB2P/4p3/6p1/5B2/4b2K b - - 0 1, True, 8/4n1P1/6k1/3B4/7p/4b3/6K1/8, 19, False, 200, None
8/r4Nq1/kb2KpB1/8/8/n4R1Q/6P1/8 b - - 0 1, True, 8/6q1/k7/bn6/6K1/R2Q4/6P1/8, 59, True, 200, None
3K4/1p3Rp1/8/2qk3Q/3P4/3B3p/1p5p/8 b - - 0 1, True, 3K4/1p4p1/8/8/5kR1/3B3p/1p2Q3/7q, 10, True, 200, None
4Rr2/3p2K1/8/7p/7p/1r5R/1P6/1b1Q1k2 b - - 1 1, True, 4Rr2/3p2K1/8/7p/7Q/1r3k2/1P3R2/1b6, 10, True, 200, None
2BB1k2/8/8/5r1K/3n4/4n3/pP1b2P1/7B w - - 1 1, True, 5k2/8/8/8/6K1/4n3/1P1b2P1/7q, 8, False, 200, None
KB3k2/8/3r4/4BPb1/Q2b4/8/3p4/5R1q w - - 1 1, True, K4k2/8/8/4QPb1/8/8/3p4/7R, 7, False, 200, None
7B/4k3/1p2P1q1/n4R1N/1P2BK2/8/8/n7 b - - 0 1, True, 8/8/1N1k2B1/7K/1P6/1n6/8/n7, 16, False, 200, None
3n4/4k2b/5P2/3pP1K1/4p3/2pPB3/4N3/8 b - - 0 1, True, 8/5k2/5P1K/4P3/5n2/8/1Bb5/8, 17, False, 200, None
8/5n1N/2N5/5Pp1/k7/P6q/bK1R3P/8 b - - 0 1, True, 8/5n1N/2N5/5Pp1/k7/P7/b2R3P/Kq6, 3, True, 200, None
4B1k1/3p1NP1/3p4/8/8/1PBb3b/7b/7K w - - 1 1, True, 4B3/3p2Q1/3p3k/8/8/1PBb3b/7b/7K, 5, True, 200, None
3q4/8/3R1P2/N3n3/6r1/1NP2N2/2r5/3K1k2 b - - 0 1, True, 8/5q2/8/8/2r5/1NP2n2/1K6/5k2, 11, False, 200, None
8/1rP4P/N2P1p2/8/2k5/K1PnbR2/8/8 b - - 0 1, True, 2R5/7P/3P1p2/2n5/8/1kP1bR2/1r6/K7, 24, True, 200, None
5K1R/8/5n2/q7/1B4B1/5b2/3Q3r/3Nkb2 b - - 1 1, True, 5K1R/8/8/8/6n1/5b2/1N1k4/5b2, 7, False, 200, None
2N4R/nB6/1p6/kN6/1n1P4/b2p4/5K2/8 b - - 0 1, True, 3b4/8/1p6/2n4B/k1N5/8/2K5/8, 27, False, 200, None
k4B2/7n/5b2/1Q3q2/2K5/N6p/3N4/n1B5 w - - 1 1, True, 1k6/7n/Q2B1b2/5q2/2K5/N6p/3N4/n1B5, 3, True, 200, None
K7/4P1B1/5r2/P4P2/1B6/2rP2n1/2P5/1k6 b - - 0 1, True, 6r1/PK6/8/2B2n2/3P4/2k5/8/8, 23, False, 200, None
7R/b1p2q2/N7/N3kn2/7P/2R1r3/4K3/8 w - - 1 1, True, 7R/8/8/q3kn2/7P/4bK2/8/8, 6, False, 200, None
1B6/1n4K1/p1B5/8/p5p1/1pp3p1/4N2k/8 w - - 1 1, True, 8/8/8/p2K4/3BB3/8/3k2p1/1N6, 55, False, 200, None
7n/8/1BR5/p7/q1N5/p4p1K/6Qb/1k6 w - - 1 1, True, 7n/8/2R5/p7/3B4/5p1K/1Q5b/k7, 7, True, 200, None
4b3/4Q3/2N1n3/7r/3K4/1b1P4/5q1B/3k1N2 w - - 1 1, True, 8/8/2b1n3/8/1K1q4/1b2r3/2k5/8, 14, False, 200, None
8/1bR2Nn1/5n1k/1rN5/K7/3P4/6B1/3r4 b - - 0 1, True, 8/8/6r1/1KRN1rk1/8/2N5/8/8, 64, False, 200, None
5K2/p4q1P/7p/1p3Q2/7P/8/p6p/k1B5 w - - 1 1, True, 7Q/p4K2/7p/1p3Q2/7P/8/p7/k1B4q, 3, True, 200, None
1N6/3K4/5Nr1/3n2n1/4kPP1/1R6/qN6/8 b - - 1 1, True, 6r1/2KNn3/2q5/6n1/4kPP1/8/1N6/8, 13, True, 200, None
5r1r/5q2/6kr/1N1P4/1R1K3Q/8/6r1/1R6 b - - 0 1, True, 3rr3/1q6/4K1k1/1N1P4/1R5r/8/6r1/1R6, 11, True, 200, None
7b/1P5n/1p2b3/2k1R3/1p6/2R5/B4p2/5K2 b - - 0 1, True, 8/7n/8/8/2p5/1pk5/B2QRp2/5K2, 14, True, 200, None
3N4/N6Q/1p1R4/3p4/p7/6np/6q1/2k1K3 w - - 1 1, True, 8/8/2R1N3/3p4/p2Q4/N2k2np/6q1/4K3, 19, True, 200, None
1r6/B7/5pp1/4b2K/R7/6p1/1NN1k3/7n w - - 1 1, True, 8/8/5NK1/4b3/1r2n3/4R3/6k1/8, 43, False, 200, None
8/8/4QR1N/3p1P2/8/n1Rqpk2/4r3/6K1 w - - 1 1, True, 8/8/5R1N/5P2/5K2/4Q3/5k2/R7, 21, False, 200, None
B1kN2b1/5p2/8/4R1K1/8/1Q6/b7/b4bn1 w - - 1 1, True, B3R1b1/3k1p2/2Q5/6K1/8/8/b7/b4bn1, 7, True, 200, None
8/4q3/4n2P/2PP1P2/Q7/2b3P1/4P3/1k5K b - - 0 1, True, 8/7P/8/3Pb1n1/8/6P1/4k1K1/8, 37, False, 200, None
4Rk2/1q3r2/4n3/1Q2N3/8/P3B1K1/8/1r1n4 b - - 1 1, True, 3Q4/1q3kr1/5R2/8/6N1/P5K1/8/1r1n4, 16, True, 200, None
k7/1RP5/P5r1/4Q3/1r3n2/8/1pp5/1K4N1 w - - 0 1, True, k7/1RP5/P7/4Q3/1r6/3q3n/5K2/6r1, 8, True, 200, None
2n3k1/3p3p/3p1r1r/5K1B/5R2/8/2p5/7Q w - - 0 1, True, 5k2/3pn2Q/3p4/7K/5r2/8/8/8, 9, False, 200, None
6b1/5p1R/8/2Q3Rq/8/6n1/2p1b2B/k2K4 w - - 1 1, True, 8/8/4Qp2/8/6R1/4k3/2p5/2K1B3, 19, False, 200, None
7n/7p/8/2B5/1PN2q1n/1K6/4k2N/B2N4 b - - 0 1, True, 8/8/3K4/2P5/7p/3kN3/8/q4N2, 49, False, 200, None
1N3B2/2Q5/3P3K/2B2k2/5b2/2n2p2/2q5/3n4 w - - 0 1, True, 3B4/5K2/8/5k2/4n3/5p2/8/3n2B1, 23, False, 200, None
4k1b1/7R/3b1P2/1R6/B2Nq3/8/5Kp1/5n2 w - - 1 1, True, 1R2k1b1/7R/3b1P2/8/B2Nq3/8/5Kp1/5n2, 1, True, 200, None
4b3/4Pb2/b7/k7/5pB1/3PKPP1/B7/8 w - - 0 1, True, 4b3/1b2k3/8/3PKP2/6P1/8/8/8, 18, False, 200, None
K4b2/N7/4n3/2n2Q2/2B2k2/8/3rq3/4R1N1 b - - 0 1, True, K7/2r5/3bn3/5k2/8/8/4N3/4R3, 19, False, 200, None
b7/3Q3r/4nB2/8/2pP4/1k3r2/p3K3/3R4 b - - 0 1, True, b7/3Q4/5B2/8/2pP1n2/1k1r4/p7/2Kr4, 7, True, 200, None
1k3B1K/b4qB1/7B/8/b1Q1b3/b7/8/3N4 b - - 0 1, True, 5BqK/1k6/8/4B3/4b3/bb2B3/8/8, 11, True, 200, None
3k4/5N2/2P3NB/1rp5/2p5/6K1/1P2b3/3b4 b - - 0 1, True, 2b5/8/k2N4/8/2p2BK1/8/2r5/8, 29, False, 200, None
1q6/1p6/7p/K3Q3/2p5/3k4/5Brp/3R2R1 b - - 0 1, True, 1q6/1p6/7p/K7/2p5/2Q5/k4Brp/R5R1, 6, True, 200, None
8/P3K3/2r5/1k3qP1/4B3/4Q1r1/nN5B/8 b - - 0 1, True, 8/P2r4/3K4/1k3qP1/4B3/4Q1r1/nN5B/8, 3, True, 200, None
4r3/3p1KpN/3N4/7k/3b4/5b2/3p3N/4R3 w - - 1 1, True, 5N2/6K1/8/3p1k2/8/3r4/3b4/7R, 17, False, 200, None
5R2/4B2P/k4P1K/1n4n1/4P3/8/3q2NP/8 w - - 1 1, True, 5R2/4BK2/k4P2/8/3q4/8/7P/8, 14, False, 200, None
2R5/5P2/8/1P4qN/1bP5/Pn1k4/8/1K5B w - - 1 1, True, 8/5P2/8/1P6/1P6/K2k4/3n4/q6B, 18, True, 200, None
2Q5/1P6/4PpP1/n7/6p1/2KP4/1P6/1q1k4 b - - 0 1, True, 8/K7/5pq1/8/1P4p1/4k3/6Q1/8, 41, False, 200, None
6K1/4Pb1R/7q/2n3r1/6N1/5r2/6k1/N1Q5 w - - 0 1, True, 6rK/4Pb1R/7q/2n5/6N1/5r2/6k1/N1Q5, 2, True, 200, None
1b4N1/2Pk4/P1p5/P2Q4/8/2q4P/5K2/1b6 b - - 1 1, True, 1Q4N1/3k4/P7/P2p4/8/4q1KP/8/1b6, 69, True, 200, None
r7/1P5P/5Kpp/2Q3P1/1p2r3/3P4/8/4k3 w - - 1 1, True, 8/7P/5PK1/7p/8/1p1P4/6Q1/2Q1k3, 9, True, 200, None
8/1p2N3/3p4/8/5Q2/4B2b/p1pK1k1P/1q6 b - - 0 1, True, 8/1p2N3/3p4/8/8/4B2Q/p1pK1k2/1q6, 12, True, 200, None
7b/7P/8/K4P2/4N3/b3n1P1/b2k2N1/5N2 b - - 0 1, True, 7N/8/8/K4b2/1N6/6P1/1b3k2/8, 16, False, 200, None
1rb5/4k1N1/8/7R/b7/Pp1P1p1K/1N6/8 w - - 0 1, True, 8/8/8/1N5R/2k5/rp3p2/5K2/8, 35, False, 200, None
5B2/4b2r/4K3/4p1R1/1Qr5/8/2k1r1R1/5n2 w - - 1 1, True, 8/8/5K1B/4p3/8/3Q4/4R3/kR6, 15, True, 200, None
3k4/PP4n1/K7/3P3N/NP3P2/8/8/3r2r1 w - - 1 1, True, 7k/5Q2/K6Q/3P3N/NP3P2/8/8/3r2r1, 13, True, 200, None
8/6k1/2p1p3/4Nq1B/2B5/1P6/2PN4/3b3K w - - 1 1, True, 6q1/8/5k2/8/2P3B1/3N2K1/8/3B4, 57, False, 200, None
k2K1b2/1Rp5/3p4/1p2pp2/8/8/Q1PB4/8 b - - 1 1, True, 8/8/1K5B/1p3p2/1k2p3/1Q6/2P5/8, 18, True, 200, None
8/7P/3P4/2K3n1/8/7b/bP1P1P1P/2k1N3 b - - 0 1, True, 8/3N4/3K4/1b6/3k4/5P2/6bP/8, 19, False, 200, None
6B1/4Nn2/7K/1P6/3nN3/8/1r3P1r/4kB2 w - - 0 1, True, 8/8/3K2rr/3N4/4B3/1n6/3k4/8, 34, False, 200, None
8/3r1RRB/K1nB4/3kn3/4r3/6n1/8/5N2 w - - 1 1, True, 8/3n2R1/K1nk4/8/4n3/4N3/8/8, 6, False, 200, None
3Q3B/3p4/q6N/Pp3k1p/8/6p1/K7/b7 b - - 0 1, True, 8/3Q4/q4k2/1p6/7p/3KB1p1/8/8, 69, True, 200, None
8/p4RQP/p5pb/8/5k1K/4P3/2P1p3/8 b - - 1 1, True, 7Q/p2Q1R2/p3k1pb/8/7K/8/2P1p3/8, 8, True, 200, None
k6K/3R1r2/qP1pP3/8/4Qb2/2P5/1P6/8 b - - 0 1, True, 2k4K/5P2/1P6/4Q3/8/2P5/1P6/8, 10, False, 200, None
q1B1QKN1/n6k/8/8/3P4/Nb6/3p4/5n2 w - - 1 1, True, q1B2KN1/n6k/8/7Q/3P4/Nb6/3p4/5n2, 1, True, 200, None
8/6P1/4Nb2/3N1KP1/3q1n1k/7P/2B5/7B b - - 0 1, True, 8/6P1/4Nb2/3NqKP1/5n1k/7P/2B5/7B, 1, True, 200, None
4N3/6R1/4pPP1/2k5/7K/2r1r3/r2P4/7B b - - 0 1, True, 4N3/6R1/4pPPK/2k1r3/3r4/7r/8/8, 9, True, 200, None
1B6/4n1PB/1B6/8/6k1/p3r1b1/P7/1bK5 w - - 1 1, True, 6b1/8/3n4/8/8/4Bk2/p2K4/B7, 26, False, 200, None
1K3k2/1q6/8/p3b3/2Q1P3/4n2P/3B2n1/5B2 w - - 0 1, True, 5n2/1K5k/7P/4b3/B3P3/8/8/8, 22, False, 200, None
7N/1P2k3/1P6/7B/8/Nq3pK1/3pN1b1/8 b - - 0 1, True, 8/1P6/1P3k2/7B/8/N5q1/6N1/4q1K1, 11, True, 200, None
1Bk5/b7/5Q2/6pp/P1r2K2/5p2/8/1N2r3 w - - 0 1, True, 8/b7/8/1k5p/7K/2Q2p2/8/4r3, 19, False, 200, None
6n1/7N/4p1N1/3b1p1P/4P3/4p3/5K1P/2k5 w - - 1 1, True, 6n1/3N4/6N1/6Kb/4k3/8/7P/8, 22, False, 200, None
8/K1k5/3nb3/P6R/2B5/3P3P/1p3P2/4q3 w - - 1 1, True, K7/1q6/3nk3/2R5/3P4/5P1P/8/8, 14, True, 200, None
8/2P3N1/b7/Nb6/4k3/5bQ1/3K1N1r/5q2 b - - 0 1, True, 8/2P3N1/b7/8/2b1k3/Kq6/8/3b4, 17, True, 200, None
q2r4/8/K6P/P2Pb3/2k5/8/R7/3Q1N1n w - - 0 1, True, qr6/8/1K5P/P2Pb3/2k5/8/R7/3Q1N1n, 2, True, 200, None
r7/4B2P/b3B3/4N3/bPB5/8/5K2/1rk5 b - - 0 1, True, 8/7b/8/1P6/5B2/1Bk5/3r1K2/8, 25, False, 200, None
1KR5/p7/2pN1N2/p7/2k1p3/5P1n/3p4/8 b - - 1 1, True, 1q6/8/2K5/8/N3P3/2N5/p7/k7, 64, False, 200, None
4n3/2N3P1/8/2p2n2/3q1P2/4K1nQ/k6N/8 w - - 1 1, True, 8/2N3n1/8/2p2n2/6q1/8/k7/7K, 18, False, 200, None
8/k1pnQ3/2B5/2PN4/p2p4/2p5/2b1K3/8 w - - 1 1, True, Q7/2p5/2B5/k1PN4/p2p4/8/2p5/2K5, 9, True, 200, None
8/5pB1/7n/6kN/8/3PP1PP/3b2n1/3K4 b - - 0 1, True, 8/8/5pk1/2bN4/6PP/5K2/4n3/8, 66, True, 200, None
5b1B/2q5/3k1P2/r7/5N1B/2BN4/4K3/4r3 w - - 1 1, True, 5B2/3k4/5P2/8/5q2/2B5/4K3/4B3, 8, False, 200, None
1k4K1/8/3rPB2/Pq3P2/b7/3Qp3/7P/8 b - - 0 1, True, 2k5/7K/5P2/Pq2B3/b5q1/7r/7P/8, 13, True, 200, None
n7/8/k3B3/R4r1p/4rQ1r/6K1/6PB/8 b - - 1 1, True, 8/8/n7/7p/2Q5/7K/5Br1/4k3, 66, False, 200, None
r1b3B1/KP2p3/8/8/4P1p1/3Q1pP1/8/2k5 w - - 1 1, True, 6B1/1K2p3/8/8/Q3P1p1/6P1/2Q2p2/2k5, 7, True, 200, None
8/1n3R2/1q4B1/2pb4/K2k4/3b4/Q7/3N3R w - - 1 1, True, 8/1n3R2/6B1/2pb4/K1k5/3bN3/1Q6/7R, 5, True, 200, None
1n4r1/8/N7/4Nq2/2p5/1k2P2K/1P5p/5Q2 w - - 0 1, True, 1n4r1/8/N7/8/2p5/1k2P2q/1P6/7K, 6, True, 200, None
3K4/1k6/r7/1b6/p1bBPQ2/p3n3/6N1/8 w - - 1 1, True, k1QK4/8/r7/1b6/p1bBP3/p3n3/6N1/8, 3, True, 200, None
4nR2/8/1n4q1/pR1K4/2Q5/5R2/3k1p2/5r2 w - - 1 1, True, 8/8/3K4/p7/8/5R2/Q2k1p2/1R3r2, 15, True, 200, None
8/8/5bkP/pB1Bp2n/8/2p5/6pK/4B3 w - - 1 1, True, B7/b1B5/2K5/5nk1/8/8/4B3/8, 49, False, 200, None
1N6/Q7/p2N1b2/8/6qp/7K/p7/3Nk2b w - - 0 1, True, 1q6/8/p4K2/8/4N2p/8/3Q4/1k6, 25, False, 200, None
4R3/1B2PB2/5r2/p3B1K1/8/8/6N1/b1k1q3 b - - 0 1, True, 4R3/1B2P3/8/p7/3b4/7r/5q2/2k2K2, 21, True, 200, None
6n1/2N5/Bb4k1/8/N7/b4P2/BpK5/2n5 w - - 1 1, True, 5N1b/8/5k2/5n2/4N3/3K1P2/8/8, 21, False, 200, None
2K1n3/8/5B2/6Nq/8/2Qn4/2bB2b1/k5N1 b - - 1 1, True, 2K5/8/3B4/6Nq/1B6/k7/2Q3b1/6N1, 8, True, 200, None
5K2/1RQ5/8/2p1p3/8/P3r1nk/3b4/1B3n2 b - - 0 1, True, 8/1R3K2/8/3Q4/3b2r1/8/5k2/5n2, 17, False, 200, None
2b3k1/4nN2/3B4/q1B5/2P5/p1K1B3/8/6N1 w - - 1 1, True, 8/7k/8/5b2/2q2B2/4BN2/4K3/8, 16, False, 200, None
2r1BN2/2k1KP2/8/8/5P2/3P4/1pp5/6bb b - - 0 1, True, 2r2b2/2k2P2/7q/4K3/5q2/3P4/8/7b, 15, True, 200, None
8/5Q1n/1pP4p/2B5/1b5p/8/5p2/1k1K2b1 w - - 1 1, True, 8/7n/1pP4p/8/7p/1QB5/5p2/k2K2b1, 5, True, 200, None
8/1p3N2/p2R4/1N6/nP5n/8/3q1k2/3Q3K b - - 0 1, True, 8/1p6/8/1nR5/1P5n/3k4/8/7K, 11, False, 200, None
RB2r3/3k4/4r1R1/8/7K/q4Pb1/R1N5/8 w - - 1 1, True, 4k3/8/8/8/8/3RKPB1/1r2N1q1/8, 90, True, 200, None
r7/5b1p/1K5Q/8/2P1r2N/2R2P2/7q/6k1 b - - 0 1, True, 1q2b3/7p/7Q/r1K5/2P1r2N/2R2P2/8/6k1, 5, True, 200, None
R4Q2/8/2r4N/2n4q/1r6/1N6/2KR4/4b1k1 w - - 1 1, True, 8/8/1r6/2n2N2/3r1k2/1N6/8/1K6, 22, False, 200, None
8/4B1p1/n7/2B2p1K/2r5/5k1n/1Q1p1N2/8 w - - 1 1, True, 8/4B1p1/n7/2B2p1K/8/7n/3pkN2/3Q4, 9, True, 200, None
8/1B3p2/4P2n/4K3/8/r1nN4/5pP1/1R5k b - - 1 1, True, 8/Q4p2/7n/4K3/4n3/4r3/6k1/8, 13, False, 200, None
Q7/1R4r1/q1p2p2/k1P5/3R4/7r/7P/1K6 w - - 1 1, True, 8/1R4r1/Q1p2p2/2P5/k7/7r/7P/1K6, 3, True, 200, None
8/4BP1P/4N1P1/3p2q1/8/8/3p3n/K2Rk3 b - - 0 1, True, 2Q1Q3/8/6P1/8/3p4/5k2/3B4/K7, 17, False, 200, None
b1K5/5k1B/5P2/p5PB/1PP5/1n6/1b6/8 b - - 1 1, True, 5k2/5P2/P3K3/8/3b2B1/3b4/8/8, 19, False, 200, None
2R5/3K2kP/5bp1/8/5N2/5B2/2N4P/1q4n1 w - - 1 1, True, 2R2Q2/3K1k2/5bp1/8/5N2/5B2/2N4P/1q4n1, 3, True, 200, None
2B3r1/k2p4/r7/7P/1K5n/P7/3qN3/4R3 w - - 0 1, True, 2B5/k2p4/1r6/K5rP/7n/P7/2q1N3/4R3, 6, True, 200, None
8/2K1R3/3b2R1/1p6/rp6/N4kp1/3B2n1/8 w - - 0 1, True, 8/4K3/8/1p6/8/p5R1/3Bk1n1/8, 9, False, 200, None
8/7p/1P1bK3/7n/8/1Rq5/k1Rr2NR/8 b - - 1 1, True, 3rK3/7p/1P3q2/4b2R/8/8/k5N1/8, 11, True, 200, None
5r2/2K5/7P/1P2N1P1/4P3/1P5k/P1b2n2/8 w - - 1 1, True, 6Q1/4K3/7r/8/4b3/1P5k/P7/8, 20, False, 200, None
5k2/8/P7/1P6/1bBn3K/4R2n/2R1P3/5q2 b - - 0 1, True, 5k2/7K/P7/1P5q/2Bn4/6bn/2R1P3/8, 9, True, 200, None
8/5Np1/2BK4/p1p3P1/2p5/b7/5N1b/k7 w - - 0 1, True, 8/8/6p1/pK2b1P1/4B3/k7/8/8, 18, False, 200, None
7R/p4pb1/2b1R3/3p1k1p/8/1pK5/8/5B2 w - - 1 1, False, 8/5R2/p4p2/1b2k3/5b2/1BK5/3p4/8, 100, False, 200, None
3R1R2/3b4/1r6/Q4Krp/8/r5b1/5B2/7k w - - 0 1, True, 8/8/1r2b3/3rK2p/5r2/6b1/8/7k, 12, True, 200, None
2R5/8/N2pn2K/1N1p2Bp/3p4/8/3k4/5b2 b - - 1 1, True, 8/8/3p4/1N1pn3/8/4K3/2k5/3R4, 32, False, 200, None
7n/k5q1/2r2Q2/5P2/2B5/3r4/K3P1B1/1B6 b - - 0 1, True, 7n/k7/8/5P2/8/2q5/4P1B1/rK6, 13, True, 200, None
1n4k1/8/3P1Pq1/1B4Kb/7P/5n1P/3Q4/8 w - - 0 1, True, 1n4k1/3P4/6b1/K7/2n4P/1q5P/8/8, 16, True, 200, None
8/k3K2P/3P4/3P4/1N3P2/6b1/B4p1b/4r3 w - - 0 1, True, 3QK3/k4B2/2q5/8/8/6b1/7b/8, 14, False, 200, None
1Q6/b3Kn1r/1N6/1R3p2/8/2B5/1b6/k4r2 w - - 1 1, True, 8/4Kn1r/1N6/5p2/8/2B5/1R6/Q1k2r2, 5, True, 200, None
5nK1/Npb5/8/8/2Q3N1/2P5/1k3P2/4q2r w - - 1 1, True, 5K2/1p6/8/3N4/6k1/2P5/5P2/7r, 19, False, 200, None
8/3K4/1R2B3/3r2N1/k4B2/4q1n1/4Bb2/7N w - - 0 1, True, 4q3/8/1RK5/3B2N1/k7/6n1/4BN2/8, 40, True, 200, None
Bk5Q/8/1p4q1/8/1p1Np3/5nPp/8/2K5 b - - 1 1, True, q7/5k2/1p1N3Q/8/1K2p3/5nP1/8/8, 32, True, 200, None
8/5B2/8/2n1P3/2pp4/5p1p/p1K3k1/2Q2r2 b - - 0 1, True, 8/5B2/8/4q3/2p5/1n1pKp1p/6k1/8, 9, True, 200, None
7b/N3B3/8/1P1N1q2/3B3k/1B4r1/6b1/6K1 b - - 1 1, True, 8/8/2N5/1P5k/4b3/2b2qr1/4K3/8, 15, True, 200, None
2R2N2/K7/1p5p/npR5/5p1n/8/8/3B2k1 b - - 0 1, True, 8/8/K7/7p/8/8/4Bkn1/3Rn3, 29, False, 200, None
rQ6/3k1b2/1pb5/2p5/6P1/7R/5n2/B1K5 w - - 1 1, True, 2r5/8/6R1/1pp5/8/1k6/8/B1K5, 23, False, 200, None
5KB1/8/8/2pp1b2/5n2/2bp4/3N4/k2Q3n b - - 1 1, True, 5KB1/8/8/2pp1b2/5n2/kQbp4/3N4/7n, 4, True, 200, None
1KB5/8/6P1/6p1/2B3p1/3p3P/p1p4k/6n1 b - - 0 1, True, 8/3q4/1K6/1q4p1/6P1/3p4/7k/6n1, 17, True, 200, None
n3b1K1/b1N2R2/5k2/8/1R1Q4/7n/4p3/2n5 b - - 0 1, True, n3b1K1/b1N4R/5Q2/7k/1R6/7n/4p3/2n5, 4, True, 200, None
8/5n2/1k6/2b1pB2/2P4K/P7/1Nb4p/6N1 b - - 0 1, True, 8/5n2/1k6/2b1p3/2P5/P6B/1Nb5/6qK, 9, True, 200, None
B3R1B1/2K5/2p2n2/8/q2P4/4P3/P1p5/2k5 b - - 0 1, True, q2qB3/1K6/2p5/8/3P4/P3P3/3k4/8, 13, True, 200, None
7K/8/3r4/r2P4/k4q2/n4PRR/8/N6N w - - 1 1, True, r7/8/3r2qK/3P4/k7/n4P1R/8/N6N, 10, True, 200, None
1B6/8/6Qn/KB3B1n/8/3R4/2nk1p2/4q3 b - - 1 1, True, 1B1R4/8/1K6/5n1n/8/8/2n5/2k5, 13, False, 200, None
N6B/2pk4/4p3/4N1B1/3p4/2n3n1/b7/4K3 b - - 1 1, True, 7B/3k4/6n1/5p2/8/8/b2B4/4K3, 15, False, 200, None
8/4p1n1/2N1RK2/7k/Q1P5/7r/p3r3/6n1 w - - 1 1, True, 4R3/6K1/2N5/7k/Q1P5/5r2/p3r3/6n1, 21, True, 200, None
1N6/2p1n3/3Bpb2/2p5/4p2k/8/1P3BK1/8 b - - 1 1, True, 8/8/8/2BNk3/2K1p3/8/1P1b4/8, 64, False, 200, None
8/k2P1qN1/1P2Q3/1P4P1/8/5n2/pK4b1/8 b - - 0 1, True, 1k1Q4/5qN1/1PQ5/1P4P1/8/5n2/pK4b1/8, 4, True, 200, None
6n1/8/p7/4Pq1k/N3Nb2/8/4Q1K1/bN6 b - - 1 1, True, 6n1/2b5/8/N7/4Nk2/4N3/6K1/8, 14, False, 200, None
K5n1/1N1k4/8/2pNp2P/1p3p2/8/2b5/4N3 b - - 0 1, True, 8/8/8/2K3nk/8/2N5/1p1Q4/5q2, 46, False, 200, None
8/PPn1q3/1B5P/2R5/P7/4pk2/3P3K/8 b - - 0 1, True, 8/PPn5/1B5P/2R5/P7/4pk2/3P2q1/7K, 5, True, 200, None
2N1n3/7k/1P1pp3/8/p1p1K3/3B4/4p1P1/8 w - - 1 1, True, 8/2n5/4p3/7k/5K2/3B3N/6P1/8, 43, False, 200, None
k1B5/5b2/R5B1/8/b7/p1b2r2/P6K/3N4 b - - 0 1, True, 1kB5/8/6b1/8/8/R1N3K1/3r4/8, 10, False, 200, None
8/PP6/Nk3n1K/8/4rP2/8/2r1P2R/7b w - - 1 1, True, 8/8/k7/7K/5P2/n1Q5/4P3/R7, 17, False, 200, None
8/k5p1/7b/8/2N1P2P/2KBr3/2p5/3Bn3 w - - 1 1, True, 8/2k5/8/4K3/8/5nN1/5b2/1r1B4, 58, False, 200, None
2n5/1nQ5/4k3/R2b4/1pp1b3/3K4/3R4/6b1 w - - 1 1, True, 8/1R3b1k/3Q4/7b/2p5/2K5/8/8, 45, False, 200, None
BK4Q1/4q2R/2R3p1/6n1/8/2p5/7n/5bk1 b - - 0 1, True, BK6/8/6Q1/4q1n1/8/2R5/7n/5bk1, 21, True, 200, None
3K4/8/P2B4/8/3Np3/p7/3kpp2/2bB1n2 w - - 1 1, True, 3K4/8/8/6Q1/1B1bp3/4k3/p4p2/8, 39, True, 200, None
r1n5/7R/r4RK1/8/2p3Pn/5Q2/7k/7b w - - 0 1, True, r1n5/8/r4RK1/8/2p3P1/5Q2/8/6kR, 3, True, 200, None
8/3q4/8/B4R2/3pK3/2Prn3/1P5R/3k2N1 b - - 0 1, True, 8/8/8/B4q2/3pK3/2Prn3/1P5R/3k2N1, 1, True, 200, None
3Q4/2P5/3P4/1kq4r/6P1/B4P2/8/n1r2K2 w - - 0 1, True, 3Q4/2P5/3P4/1k6/2q3P1/4KP2/2n4r/2B5, 8, True, 200, None
5K2/1N6/rR1n2Q1/2pp1kb1/8/8/5P2/6n1 b - - 0 1, True, 8/5K2/2R5/2Np4/3k1b2/8/5n2/8, 17, False, 200, None
8/5R2/4K2b/1p2R3/8/1Q4P1/3p1q1b/1N2k3 b - - 1 1, True, 8/8/4K3/1p6/5R2/5Qk1/3p3b/1N6, 12, True, 200, None
5bB1/N1p2pp1/3p4/8/k7/4b1PK/1N6/8 b - - 0 1, True, 6B1/6b1/3N2p1/8/5bK1/2k5/8/8, 16, False, 200, None
8/1N5B/7K/4np2/1B3k2/1p4p1/b7/5bN1 w - - 1 1, True, 8/8/8/5b1K/8/4k3/1p4p1/1B4N1, 40, False, 200, None
Bk6/3Q2p1/8/p4r2/6bb/4K2p/2p5/7B b - - 0 1, True, Bk6/6p1/8/p1r3b1/2K1B1b1/4q2p/8/8, 9, True, 200, None
8/R1p1bk2/N1QR4/3r4/4K3/6r1/6p1/7n w - - 1 1, True, R4Q2/2p4k/N6R/8/4K3/6r1/6p1/7n, 13, True, 200, None
1R6/3P3P/1P2p2P/4N2q/3b3k/8/6KP/8 b - - 0 1, True, 1R6/3P3P/1P2p2P/4N3/3b3k/8/7P/5q1K, 3, True, 200, None
8/4p3/1p3B2/1N2q3/3P4/3rkB1B/2KP4/8 b - - 1 1, True, 8/4p3/1p6/8/3P4/4k2B/1q1r4/1BK5, 11, True, 200, None
8/6K1/b7/1b2Nk2/1rB1N3/3RR3/2Pq4/8 b - - 0 1, True, 8/6K1/b2k4/1b6/2B5/1P6/3N4/8, 8, False, 200, None
2bK1B2/1pQ5/4p3/6p1/4P2q/1p4k1/5N2/8 b - - 0 1, True, 2K5/8/3B4/1Q2p1p1/4q3/8/6k1/8, 10, False, 200, None
7b/pb1P3k/5P1P/P1K5/2p5/5P2/8/1B6 b - - 0 1, True, 8/p7/8/P7/2pK1Q2/5b1k/7Q/1B6, 14, True, 200, None
b7/P6n/B7/7p/1PPn4/6P1/4k1K1/N7 w - - 1 1, True, b7/8/Bn6/6K1/3n2p1/8/5k2/8, 20, False, 200, None
n7/B5k1/1bn5/6p1/5N2/8/K2Qnn2/2R5 w - - 1 1, True, n7/B7/8/8/5p2/3R4/K4Qk1/8, 17, False, 200, None
K7/1PB2P2/2n5/Pn4Nb/3P2p1/8/4k3/8 b - - 0 1, True, K7/1Pn2P2/2n5/P5Nb/3P2p1/8/4k3/8, 1, True, 200, None
2N4K/1rp5/8/2p1p2n/1B5k/8/5p2/1Qb5 w - - 1 1, True, 2r4K/2p5/8/4p2Q/5b2/8/5k2/8, 10, False, 200, None
n2K4/1n3n2/B1B2N2/3b4/4P3/k2P2P1/8/8 w - - 1 1, True, n7/1b3K2/5N2/6P1/4P3/3k4/8/8, 10, False, 200, None
n5R1/3kP3/6q1/1K6/5p2/1n2p1N1/1B6/2Q5 w - - 1 1, True, n2kR3/8/2Q5/1K3N2/5p2/1n2p3/1B6/8, 7, True, 200, None
7k/1K1b3r/N7/4Q3/1n6/r7/3n1B2/3B1R2 b - - 0 1, True, 3K1R2/3b2rk/n7/7Q/3B4/6r1/3n4/3B4, 12, True, 200, None
1N6/1Pp4N/8/Kn6/4k3/2N2P2/p3n3/5b2 b - - 1 1, True, 8/2n5/2N5/2N5/8/4kP2/1K6/5b2, 30, False, 200, None
5b2/3K4/3q2nr/B7/B7/1P6/8/NBk3n1 w - - 0 1, True, 2q2b2/K3n3/r7/B7/B7/1P6/8/NBk3n1, 8, True, 200, None
8/8/1r6/k6K/3RB1r1/2Ppr1R1/2P3r1/8 b - - 0 1, True, 8/2k5/8/1R6/7K/2P1r3/6r1/2q5, 13, False, 200, None
1b1bB3/2K2N1N/6P1/3b1rn1/8/k7/8/5N2 w - - 0 1, True, 6b1/2KB4/7N/6b1/3r4/k7/8/8, 24, False, 200, None
4b2K/1r3N2/5B1B/8/8/1N1b4/Pq1k4/N7 b - - 1 1, True, 1r6/6K1/7B/8/8/3N4/b7/N2k4, 9, False, 200, None
8/Q3K1R1/1rr3P1/q5P1/8/8/1N5B/1kr5 b - - 0 1, True, 1r6/2q1K1R1/2r3P1/6P1/8/8/8/1krN4, 5, True, 200, None
6nR/2r5/p2p1K2/1R5R/1P6/8/2p5/4k1n1 w - - 0 1, True, 8/8/1R1pK3/1P6/6r1/8/1kp5/6R1, 28, True, 200, None
7n/2B5/1r5K/1P5P/6b1/PNn2k2/1P6/8 w - - 0 1, True, 4n3/P4K2/8/2B4b/8/8/1P1k4/8, 20, False, 200, None
2Bb3R/5n2/1p6/8/b2B2K1/8/1b2n3/1Q1k4 b - - 1 1, True, 3b4/5n2/1p6/5B2/1Q1B2K1/3k4/2b5/4R3, 12, True, 200, None
3NK3/5q1P/k7/1N3P2/8/5N2/p4Brp/8 w - - 0 1, True, 7q/2N2K2/2N5/5P2/k7/8/6r1/8, 14, False, 200, None
8/1b6/p2N4/3b4/4P1P1/3P1B2/K2k2bP/8 w - - 0 1, True, 8/3N4/p7/4k3/6PP/5b2/K7/8, 13, False, 200, None
1n2r2B/1p6/7k/n7/8/1Q5R/1bK5/r4B2 b - - 1 1, True, 1n2r3/1p4Qk/8/n7/8/7B/1BK5/r7, 14, True, 200, None
8/5K1Q/7p/1p5P/kP6/5rb1/1b2n1R1/8 w - - 1 1, True, 8/2b1Q2P/1k5r/8/1b6/5K2/8/8, 100, False, 200, None
7n/P5P1/4kr2/B6P/2PKn3/8/8/B4n2 w - - 1 1, True, 3B4/8/5rQ1/6k1/2PKQ3/8/8/B4n2, 11, True, 200, None
8/6p1/B7/1b6/q2K4/Q7/n1b2P1k/1NN5 w - - 0 1, True, 2B1b3/4K1p1/8/3b4/5P2/8/8/6k1, 18, False, 200, None
7k/R2P1B2/4q1r1/8/PK1P1r2/1p6/7p/8 w - - 1 1, True, 8/8/4B1Q1/8/PK1P1R2/1p5k/7p/8, 17, True, 200, None
1bk5/8/1K2b3/R2PB3/5q2/R3P3/r4P2/8 b - - 0 1, True, 2k5/8/4P3/8/K7/1r2P3/2q2P2/8, 12, False, 200, None
1k5n/8/8/1b5r/4PP1N/1B6/2K5/4qRN1 b - - 0 1, True, 1k5n/8/8/8/r3PP2/K4N2/2q5/5bN1, 11, True, 200, None
R7/6B1/3rn3/1K3b2/3Q1b2/4R3/r2n4/5k2 b - - 0 1, True, 8/3b4/1r6/r7/3b4/K7/3n4/5k2, 17, True, 200, None
8/4P3/K7/bnB5/8/Pn4N1/2k1P1b1/6B1 b - - 0 1, True, 8/3b4/5B2/2K2n2/8/Pk6/4P3/8, 21, False, 200, None
2N2K2/p7/2kn4/6p1/2q2P1Q/8/2P2B2/b7 w - - 1 1, True, 5K2/3k4/3n4/8/2qB1Q2/8/2P5/8, 25, False, 200, None
3rr3/1K6/3N1n2/1nB4B/8/7P/4P3/1Nk5 w - - 1 1, True, 8/8/3N1B2/2K5/7r/N4n2/8/3k4, 18, False, 200, None
1B2N3/b4p2/3B4/2p4R/K5p1/4kr2/8/4b3 b - - 0 1, True, 1R6/8/8/5p2/2N1r3/2K3p1/8/5k2, 38, False, 200, None
K7/4b3/8/3pp1p1/4p3/1QN1k1r1/8/3rR3 b - - 0 1, True, K7/4Q3/8/4p1p1/3p4/3kr3/8/8, 10, False, 200, None
8/3B4/PK4k1/4PB2/p3rr2/2n5/1p4P1/8 b - - 0 1, True, 8/K1n5/P3k1P1/4P3/pr6/8/8/6q1, 15, True, 200, None
8/4Kq2/7R/4RPR1/1p6/3n1N2/1k5r/3n4 w - - 0 1, True, 8/5rK1/8/4N1R1/1p6/8/1k6/3n4, 10, False, 200, None
8/k7/5p2/2P3BP/3Pn3/nP6/8/1n1N2K1 b - - 0 1, True, 2k2n2/8/1Pn4P/5n2/1K6/8/8/8, 83, False, 200, None
B1k3n1/2N5/5p2/3P4/3p4/PB4p1/8/3bK3 b - - 0 1, True, B2k4/8/b4p2/1P6/8/4K1p1/8/8, 18, False, 200, None
8/Pkp2pp1/2p5/8/2Q3n1/K4rB1/7p/8 w - - 0 1, True, 8/5pp1/1k1Q4/8/6n1/6r1/K6p/8, 61, True, 200, None
k7/4b3/Bb1B2N1/7n/K5PB/7q/8/1B6 w - - 1 1, True, 8/k7/6N1/2qBB3/8/1K1B4/8/8, 19, False, 200, None
2kB4/Q7/q7/3Pp3/5r2/P1K1p2R/8/1b6 w - - 1 1, True, 2kB4/2Q5/q7/3Pp3/5r2/P1K1p2R/8/1b6, 1, True, 200, None
8/2bQ4/5B2/3q3P/4R3/3pP3/1prK1k2/8 w - - 1 1, True, 8/2bQ4/5B2/3q3P/4R3/3pP3/2r2k2/1q1K4, 2, True, 200, None
k5q1/3P3b/6p1/6Q1/8/2K2B2/b7/4BB1b b - - 1 1, True, 2Q5/k6b/6p1/8/8/2K2b2/b4B2/5B2, 12, True, 200, None
7n/q1pp2k1/3p4/5NK1/8/2Q4B/1P4p1/8 b - - 0 1, True, 6kn/q1pp2Q1/3p4/5NK1/8/7B/1P4p1/8, 4, True, 200, None
4r3/2n5/1P5P/6p1/5R2/B6K/3p3b/1N3k2 b - - 1 1, True, 8/2b4P/8/8/2N3K1/8/1B2k3/7r, 16, False, 200, None
6b1/k5B1/8/P1n5/n6N/NP3P2/8/2n2K2 w - - 1 1, True, 8/8/5B2/8/k7/3b4/n2NN1K1/8, 21, False, 200, None
6k1/p2p3b/2p1B3/2K2R2/2p2Q2/8/8/1n1N4 b - - 1 1, True, 6k1/p2R3b/2p1BQ2/2K5/2p5/8/8/1n1N4, 6, True, 200, None
2k5/1p2P3/1p2N3/1bK5/3P2R1/7n/5N1p/8 w - - 1 1, True, R7/1p2P3/1k1K4/1p1N4/3P4/8/5N1p/8, 13, True, 200, None
NK6/p1p5/1BP5/3k1p2/N2p4/3n4/8/4b3 w - - 1 1, True, 8/2K5/8/5pN1/Nnkp4/8/8/8, 19, False, 200, None
3b4/2Nk4/6Q1/N1P3n1/4K3/p7/2n4n/2b5 w - - 0 1, True, 4n3/8/8/2P1b3/1K4Q1/8/4Nk2/8, 39, False, 200, None
5N1R/3P3p/b1k1p3/1qb5/8/1K6/2P5/1R6 w - - 0 1, True, 5N1R/3P3p/b1k1p3/2b5/8/q7/1KP5/1R6, 4, True, 200, None
3K4/1P1n4/8/1N4k1/P1P5/8/P1qP2Rp/8 b - - 0 1, True, K7/NP6/4R3/3q4/3P4/8/6k1/8, 43, False, 200, None
6Q1/1qB5/1b2B3/2P4p/8/p1K1k2b/3P4/8 b - - 1 1, True, 8/1qB5/1b6/2P4p/2B5/p1K5/3P4/3k1Q2, 10, True, 200, None
7k/8/8/6P1/2P1nK1P/5pR1/b5rP/4B3 w - - 1 1, True, 7k/7P/7R/2K3Pb/7r/8/8/8, 64, False, 200, None
7n/1p1Q4/8/4p3/K7/B2r2b1/2R1R3/4b2k w - - 1 1, True, 7n/1p6/8/4p3/K7/B2r2b1/2R1R1Q1/4b1k1, 3, True, 200, None
1r3k1B/6B1/5q2/K2N4/7r/3P4/2N1N1P1/8 b - - 1 1, True, 2r5/8/8/8/3PN2k/K7/2N3P1/8, 24, False, 200, None
2QKn2N/nB2B3/pp6/7k/8/4p3/8/4q3 w - - 1 1, True, 3Kn2N/nB2B3/pp6/7k/7Q/4p3/8/8, 3, True, 200, None
4b3/7r/5B2/1KBN1r1k/5P2/5q2/1P6/5N2 w - - 1 1, True, 8/7r/2b2B2/5r1k/8/8/1P3q2/5N1K, 14, True, 200, None
4n3/p7/2r3N1/p1k3B1/5K1n/5p1N/R7/8 b - - 0 1, True, 8/B7/8/n7/k7/r7/p1K5/R7, 46, False, 200, None
B7/3B4/6P1/2b2P2/7b/1K5N/3p1p2/b5k1 b - - 1 1, False, 5b2/8/3b2Pb/3k4/6B1/8/3pK3/3B4, 100, False, 200, None
7R/3p1p2/5K2/2P4q/1b3P2/4k3/3N3Q/3n4 b - - 0 1, True, K6R/q2p1p2/1b6/8/5P2/4k3/3N3Q/3n4, 19, True, 200, None
K1k5/5n2/8/2N2b2/2P5/6Pp/1q6/4N1rN w - - 1 1, True, 2k5/5n2/K7/5b2/r1P5/6Pp/1q6/7N, 6, True, 200, None
5r2/2k5/8/4q1Q1/1p5K/R4P2/p2p3p/1B6 w - - 1 1, True, 5r2/4R3/5k2/4Q3/1p5K/5P2/p2p3p/1B6, 9, True, 200, None
4K3/5R2/8/2qP4/4b1k1/2Q3Br/3pB3/3n4 b - - 0 1, True, 4K3/5RQ1/8/2qP3k/8/5BBr/3p4/3n4, 4, True, 200, None
6r1/3p4/p3k3/4p2K/n7/1N2Rr1p/7Q/8 w - - 1 1, True, 6r1/3p1k2/p7/4Q2K/n7/1N3R1p/8/8, 3, True, 200, None
1R6/5b2/Kp1n3k/8/8/6p1/p3BQp1/2n5 w - - 1 1, True, 7R/5b1k/Kp1n1Q2/8/8/6p1/p3B1p1/2n5, 3, True, 200, None
1n2kn1R/2K5/np6/p7/2B3B1/7b/8/R7 w - - 1 1, True, 1n6/8/1p1K4/p2B4/1n6/8/6R1/4k2R, 23, True, 200, None
1q6/b2k4/1B6/8/2P5/3p1pp1/1P4QP/5K2 w - - 1 1, True, 3B4/b3k3/8/8/2P5/8/1P5p/5K2, 13, False, 200, None
6b1/B4k2/2n4b/R7/8/7R/4Np2/1q3Q1K b - - 0 1, True, 6b1/5k2/2n5/8/8/3qB1K1/8/5q2, 16, False, 200, None
7B/5nPR/4B1n1/k7/q1K5/1p5Q/6p1/8 w - - 0 1, True, 7B/6PR/4B3/k7/3q1n2/1p3n2/8/4KQr1, 10, True, 200, None
1r4b1/4bP2/4P3/P7/2P5/8/K3Pkp1/6B1 b - - 0 1, True, r7/4bP1b/2P1P3/8/1K2P3/3q4/8/7k, 19, True, 200, None
8/3k1pn1/1Q6/3N3p/8/1rnb4/3KB3/R7 w - - 1 1, True, 5k2/R4pn1/5N2/2Q4p/8/1rnb4/3KB3/8, 5, True, 200, None
1B1k4/6pp/3P1n2/6K1/1r6/3Pq3/2P1B3/8 w - - 0 1, True, 1B1k4/6pp/3P1n2/1r3K2/8/3Pq3/2P1B3/8, 2, True, 200, None
7N/1R6/6B1/6b1/b7/1pn1kP1p/8/6NK b - - 0 1, True, 8/8/6BN/8/5b2/2R2b1K/8/4k3, 18, False, 200, None
8/4k3/1b4K1/5n2/B1Q5/2q2r1P/1N3nB1/8 b - - 0 1, True, 8/4k3/1b5q/5n1K/B1Q5/5r1P/1N3nB1/8, 3, True, 200, None
2R5/k6p/7n/K1b3Q1/3n4/P3n3/6p1/4B3 b - - 0 1, True, 2R5/k6p/7n/2b5/K1nn4/P7/8/4B1Q1, 28, True, 200, None
b1R5/2P2K2/8/7N/3kN3/5q2/1b1NBb2/8 w - - 1 1, True, 6R1/5Kb1/8/6Q1/4Nk2/6N1/7N/8, 15, True, 200, None
2b5/N1r1n1b1/N7/N2P4/8/5k2/2n4K/B7 w - - 1 1, True, 4N3/8/8/N2nb3/7K/5k2/2n5/8, 10, False, 200, None
8/1n2p3/kb3P2/8/4N1p1/3R4/1K2pR2/5b2 w - - 1 1, True, 8/8/5R2/nk6/6p1/R7/2K3b1/8, 13, False, 200, None
8/1n5N/1p2r3/R5P1/2B5/1K6/1b3B2/5nk1 b - - 1 1, True, 8/6P1/3NB2n/1K6/8/4n1k1/8/8, 24, False, 200, None
1nK1n2q/2Q5/5N2/4b3/1N4N1/8/7b/1kN5 w - - 1 1, True, 1nK1n2q/8/5N2/4b3/1N4N1/1N6/2Q4b/k7, 3, True, 200, None
8/N7/1Pn4r/3p2k1/7R/8/1p2pP1P/4K3 b - - 0 1, True, 8/N7/1Pn5/3p2k1/7R/8/2q1rP1P/2K5, 15, True, 200, None
8/1pnNP2N/3n4/7K/1P1P4/2P5/2n2k2/8 b - - 0 1, True, 2N5/1p6/3n4/3K2N1/1k1n4/8/8/8, 15, False, 200, None
5K2/N5P1/8/3pB1b1/6P1/6p1/1p1p1p2/6k1 b - - 0 1, True, 4q1K1/6P1/2N5/3p2b1/6P1/6p1/6k1/B2q3q, 13, True, 200, None
8/pk3p2/4K3/1N3pp1/4p3/2B5/N1p5/b7 w - - 0 1, True, 8/p4p2/8/2k3K1/4N3/8/N1p5/8, 7, False, 200, None
8/2k4B/4PN2/2P2P2/8/3K4/3r1p2/1qr4Q w - - 1 1, True, 8/2k4B/4P3/2P1KP2/7q/4q3/3r4/7r, 14, True, 200, None
1B6/1n6/1p5k/8/n5B1/3N4/P1q4P/5K1R w - - 1 1, True, 8/1n3R2/1p2k3/6B1/8/6K1/7P/8, 29, False, 200, None
8/1PP3P1/nk1P4/2nR4/1K6/5N2/2p5/6r1 w - - 0 1, True, 8/1PP3P1/nk1P4/2nRK3/5qr1/5N2/8/8, 6, True, 200, None
7n/8/K1n3P1/1P2P3/8/P1P3k1/2pPP3/8 w - - 1 1, True, 8/1P2Q3/8/P3n3/8/K1q5/4P1k1/8, 76, True, 200, None
4k3/p7/5b2/1KR2p2/bR6/8/1p1N2p1/2N5 w - - 0 1, True, 2NK4/p3q3/5k2/2R4q/8/8/8/8, 76, False, 200, None
5n2/2b5/1P6/1pk5/p6P/p1P5/2R5/3NK3 w - - 1 1, True, 8/4Q3/8/1p6/3R1k1P/p1P1N3/5K2/8, 17, True, 200, None
8/1B5n/4K3/4p1R1/br5P/4k3/5N1N/1b6 w - - 1 1, True, 8/2R2b2/8/4K3/7r/k5N1/b7/8, 38, False, 200, None
5r2/1p6/8/1k5P/Qp4N1/4p1rB/1p6/3K4 b - - 0 1, True, 5r2/1pK5/2q5/7P/1k6/1p4rB/8/4q3, 21, True, 200, None
3K1b2/6N1/8/2rB4/8/1nB3q1/3P4/k3b1B1 b - - 0 1, True, 3rK3/8/8/3qb3/7b/1n6/3P4/3k4, 27, True, 200, None
7B/8/2q1P1BP/4P3/5K2/6P1/2n5/R1kb4 b - - 0 1, True, 8/4q1B1/4P2P/3K4/8/8/8/2kb4, 21, False, 200, None
2N5/p7/8/3k3p/5p2/Rp4BK/2b5/3b3N w - - 1 1, True, 8/p3k3/R7/7N/7K/8/8/1b1b4, 15, False, 200, None
7N/2p1Rn2/6k1/8/B1pp4/7r/2K4R/6r1 b - - 0 1, True, 2R5/8/8/8/8/1BK3k1/3p1n2/4r3, 60, False, 200, None
3N4/PK2k3/7r/2P1P3/8/8/2r5/R1b1N2b w - - 1 1, True, QK6/4k3/8/4b3/R7/8/6b1/3r4, 18, False, 200, None
N2b4/b7/8/3Kp3/1p1p2Q1/3R4/7P/3k3r b - - 1 1, True, N7/8/8/3Kp3/3p4/8/1Q1R3P/2k4r, 12, True, 200, None
1q4B1/1B4r1/8/4bN2/1KN5/2n2k2/5Pb1/8 b - - 1 1, True, 6B1/2q5/1r6/2K1bN2/8/2n2k2/5P2/5b2, 7, True, 200, None
6N1/P7/2NP2Kb/3pp1p1/k4p2/8/4p3/8 w - - 1 1, True, 6N1/8/2N3Kb/Q2pp3/4kpp1/8/4Q3/8, 13, True, 200, None
5k2/7r/1Q6/2n4K/1N2P3/7N/2p1n1R1/q7 w - - 0 1, True, 6k1/8/N6K/2n2q2/8/7q/4n3/8, 18, True, 200, None
1b1B4/1B3bpk/8/1K1r4/5Q2/4N3/1n6/1n6 w - - 1 1, True, 1K6/4B1p1/4N2k/4n3/4n3/8/8/8, 20, False, 200, None
1nk5/4B2P/3p4/1P6/K7/4p1p1/5P2/b2N4 w - - 1 1, True, 2k5/3n4/1P1N4/K7/8/8/5B2/b7, 13, False, 200, None
2B5/n7/2B1K2R/8/1N4n1/1k2nr2/4Nb2/8 b - - 0 1, True, 3b4/1K6/8/8/3kN3/3nn3/6B1/8, 34, False, 200, None
3n3B/2pn4/p6K/2p5/8/3B4/4Pp2/Bk6 b - - 0 1, True, 8/8/3n4/2p5/8/2BB4/p4K2/2k5, 34, False, 200, None
7b/4R3/2N5/pk4p1/6RK/5R2/4b3/3br3 w - - 0 1, True, 8/8/2k5/4b1R1/p7/4K3/4b3/3b4, 14, False, 200, None
3b1B2/2p3P1/p1B5/8/RPP3K1/q7/8/1k6 b - - 0 1, True, 8/q7/4BBK1/8/2R1k3/p7/8/8, 48, False, 200, None
3r4/2b5/2b5/8/B5nK/1k4N1/5B2/R3n2B b - - 0 1, True, 7r/8/2B5/4b2N/1k5K/4B3/8/8, 12, False, 200, None
4qkB1/4p2B/1P6/4N3/1bNp4/4K2P/8/8 w - - 1 1, True, 1Q6/4p1k1/2N5/8/1b1pB3/1q3K1P/8/8, 28, True, 200, None
2r5/R4p1K/1Q6/2Rr4/8/1P3Rq1/7r/6k1 w - - 0 1, True, 2r5/R4p1K/6qQ/2Rr4/8/1P3R2/7r/6k1, 2, True, 200, None
4k3/8/4n1P1/Kb6/3B4/6Q1/3p2b1/2bbR3 b - - 0 1, True, 8/8/2Q5/K5k1/6b1/8/5B2/2bb4, 28, False, 200, None
8/5K2/8/PpBr1k2/B2p4/2bp4/3p4/7Q w - - 1 1, True, Q7/5K2/8/1pb5/3p4/3p4/3p2Q1/3B2k1, 17, True, 200, None
K6b/1N2P3/k2pp3/8/8/4RN2/1p2p3/7r w - - 1 1, True, K7/1N6/k2pp3/4b3/2Q5/1R3N2/1p2p3/8, 7, True, 200, None
6B1/7K/4n3/Pq1R4/1r4NP/8/3b4/3Bk3 b - - 0 1, True, 6r1/7K/6q1/P7/6NP/8/3b4/3Bk3, 9, True, 200, None
8/1p2p3/p4n2/4pq2/3Q2PN/5k2/8/1N3K2 b - - 1 1, True, 8/1p2p3/p7/4pN2/6n1/7k/6Q1/1N3K2, 6, True, 200, None
k7/4R3/p1p1Q3/1Rr5/4Nnp1/5pK1/8/8 w - - 1 1, True, k1Q5/4R3/p1p5/1Rr5/4Nnp1/5pK1/8/8, 1, True, 200, None
1k3n1n/8/6p1/1B2p3/1B4n1/Kp1Q4/b7/8 w - - 1 1, True, Q2k1n1n/8/3B2p1/1B2p3/6n1/Kp6/b7/8, 7, True, 200, None
8/4P3/5p2/N4Nb1/1k6/1qpP4/1K2n3/3Q4 w - - 0 1, True, 8/4P3/5p2/N4Nb1/1k6/2pP4/1q2n3/K2Q4, 2, True, 200, None
5R2/4Q3/3P4/2p3R1/6pp/8/n2K3k/1b1r4 w - - 0 1, True, 8/8/3P4/2p5/8/2n3Qb/7R/4K2k, 13, True, 200, None
4N3/3B4/6P1/1r1R3n/1p5k/2K2R1P/q7/8 w - - 1 1, True, 4N3/3B4/6P1/7n/1p5k/4KR1P/4r3/3q4, 12, True, 200, None
2Q4k/8/1Rr4r/PB2K3/4P3/5B1q/1r6/8 b - - 1 1, True, 2r4k/8/1P6/1r2K3/4P3/5q2/8/8, 7, False, 200, None
8/8/bk3qn1/Q2BB3/8/8/1N6/n2K2Bb b - - 0 1, True, 8/8/5Bn1/k7/8/1K1b1b2/8/6B1, 10, False, 200, None
Q2n2r1/2kp4/4P3/2p5/2R5/2NK4/6P1/5q2 w - - 0 1, True, 6Q1/2kp4/4P3/2p5/2n5/3K4/4N1P1/5q2, 23, True, 200, None
3N4/p1b2R2/6R1/1K1R3Q/6n1/q1k5/8/5r2 w - - 1 1, True, 3N4/p1b2R2/8/1KRQ4/6n1/k7/R7/5r2, 11, True, 200, None
5B1b/1b1B1N1p/p3p2K/8/7b/8/8/1B5k b - - 0 1, True, 8/8/8/b2K4/8/NB4k1/B4b2/8, 94, False, 200, None
2r1K3/2n2P1B/k4N2/r7/2R5/3q4/4P3/2N5 w - - 0 1, True, 2rq4/2n1KP1B/k4N2/r7/2R5/8/4P3/2N5, 2, True, 200, None
7r/8/6PP/N1P1N2b/1b5k/8/1Pn5/4K3 w - - 1 1, True, 6r1/7P/8/2Pb4/5b1k/8/1Pn5/7K, 16, True, 200, None
7n/8/1B1BkRN1/1K6/8/2P1n3/7q/R1r5 b - - 0 1, True, 7N/8/Kr3k2/8/8/2P1n3/7B/8, 7, False, 200, None
8/1b6/7K/2BnN3/pQ3N1P/k6q/8/7b b - - 0 1, True, 8/5n1P/6b1/8/5K2/1k6/p7/B7, 43, False, 200, None
8/k4B2/p3P3/7n/2n1Q1K1/5B2/2n5/2B4q b - - 0 1, True, 8/4n3/p1B2KB1/8/8/8/2nk3Q/2q5, 58, True, 200, None
7r/5b2/8/2rk1p1P/5P2/2p2P2/3K1Q2/4B3 w - - 1 1, True, 7r/5b2/5Q2/1kr2p1P/5P2/3K1P2/2p5/4B3, 22, True, 200, None
5q2/N6k/3PB3/K2b3n/7n/7N/2R3N1/8 b - - 0 1, True, 8/8/1K2N2k/1N5n/7N/8/2q5/8, 11, False, 200, None
3K4/2B5/8/bP4pP/2P1P3/5b2/8/k1B2b2 b - - 0 1, True, 7K/8/2b1b3/8/4P3/6B1/1B6/5k2, 74, False, 200, None
8/1k2P3/6B1/2p1p3/8/1p1K3Q/1p1R4/r5r1 w - - 1 1, True, 3QQ3/8/3k2B1/1Kp1p3/8/1R6/8/8, 19, True, 200, None
1k4K1/8/1PP5/1RnPp1q1/8/8/P2r4/4R3 w - - 1 1, True, 1k3q2/4K3/1PP5/1RnPp3/8/8/P4r2/4R3, 6, True, 200, None
3b4/k6b/4pP2/8/6P1/2PPN1n1/8/5BK1 w - - 1 1, True, 8/2P2k2/7P/4pb2/3P4/6K1/8/8, 33, False, 200, None
K6b/1B2b1n1/5B1N/8/2n1N3/7k/4n3/7N b - - 0 1, True, 8/2K1n2B/7b/5N2/3n4/7k/8/8, 27, False, 200, None
2n5/Bp6/n5K1/5pP1/8/3k1Rp1/p1N5/8 b - - 0 1, True, 8/1p2n3/n7/6P1/3k1K2/8/R7/8, 12, False, 200, None
k3r2K/p6B/5r2/3R4/2P5/4q3/1n5P/1B6 w - - 1 1, True, k4rK1/p6B/7q/3R4/2P5/8/1n5P/8, 6, True, 200, None
R2K4/8/8/P1P5/7k/1b3PPP/3P4/r1n5 b - - 1 1, True, R7/8/8/P1K5/r2n4/5k2/3P4/8, 23, False, 200, None
8/3q4/1p6/2Bn4/2p2k2/K6p/3pP3/Q6B w - - 1 1, True, 8/q7/8/2p5/8/2K1kB1Q/4P3/8, 55, False, 200, None
8/5Q2/2B4r/3q4/6N1/5R2/2nP1r2/3rk1K1 b - - 0 1, True, 8/5Q2/2B4r/3q4/6N1/5R2/2nPkr2/3r2K1, 1, True, 200, None
1qR5/3k3B/7P/6P1/1P6/8/1B3pr1/5b1K b - - 0 1, True, 2R5/3k3B/7P/6P1/1P6/8/1B3prq/5b1K, 1, True, 200, None
4N1R1/1n1k1PK1/7p/1p5Q/1Nn5/8/8/q7 w - - 0 1, True, 1Q1R4/3k4/3n1K1p/1pn5/1N6/8/8/8, 11, True, 200, None
r1n5/5P2/N4P2/P1k4P/2pr4/3P4/5K2/8 b - - 0 1, True, 8/3k4/3n4/7r/2P5/8/r7/5QK1, 39, False, 200, None
8/2qp2P1/8/2P5/P1P1p3/k6b/2P4Q/4K3 b - - 0 1, True, 8/3p4/8/2PQ4/P1P5/k3p2b/2P5/3K1q2, 7, True, 200, None
4n1B1/3bb3/8/1n3k2/1bK1n2B/6Q1/4B3/8 w - - 1 1, True, 4n3/3bbB2/6Qk/1n6/1bK1n2B/8/8/8, 7, True, 200, None
1b6/8/8/7k/B1nN3p/B7/4bP2/B3r1K1 w - - 1 1, True, 1b6/8/8/7k/B1nN4/B6K/5P2/B3rb2, 4, True, 200, None
8/3R4/6p1/2P1k3/2p2p2/4b2P/4KP2/2nN4 w - - 0 1, True, 8/8/8/5k2/3n1p2/R4P2/6Kb/8, 62, False, 200, None
2N5/P6b/8/p7/2q2K2/Q6p/2P1N3/2n2k2 w - - 0 1, True, 8/5K2/1N6/p7/8/1nq5/2k5/5Q2, 32, False, 200, None
8/6n1/7p/5k2/2n1pP2/2p4K/B2B1p2/3N4 w - - 1 1, True, 8/8/2Bn4/7p/4pk2/8/3K4/3N4, 21, False, 200, None
5b2/1B4pk/4pP2/4r2P/1NK1B3/8/3b4/8 b - - 0 1, False, 8/8/1k6/4p3/3bBb2/r2N4/2K3B1/8, 100, False, 200, None
3kB3/8/1p4K1/4r2R/1Q1qN1n1/6n1/1P6/8 w - - 1 1, True, k7/4R3/1QBN2K1/8/6n1/6n1/1P6/8, 11, True, 200, None
8/3Np3/2P5/3p4/k1p2p2/7n/2bK4/B5B1 w - - 1 1, True, 8/3Np3/8/8/b1p2p2/2B5/kQ1K1n2/6B1, 17, True, 200, None
8/p1KP4/r7/3QR3/3nq2R/6k1/7R/6r1 w - - 1 1, True, 8/p1KP4/r7/3Q4/3nR1k1/7R/7R/6r1, 3, True, 200, None
7K/Pp6/6N1/5N1p/3B4/b3p3/7p/1k4b1 b - - 0 1, True, 8/1Q6/6NK/7p/3q4/8/7p/2k5, 14, False, 200, None
7n/8/3p1Q2/8/nK1R4/8/1b2k2N/2nN2b1 w - - 1 1, True, 7n/8/3p4/8/nK1R4/8/1b2k2N/2nN1Qb1, 1, True, 200, None
KR6/8/2r4P/np2n3/kN6/P7/8/3r2N1 b - - 0 1, True, 2r5/K6P/3r4/nn6/1p6/k7/8/8, 21, True, 200, None
2r1RB2/1P5n/8/4R1B1/8/5Kr1/kPq5/8 w - - 0 1, True, 6q1/7n/8/6B1/5B1K/4R3/1k6/8, 14, False, 200, None
N2B3K/7B/b1R2r2/2q4k/8/8/2R1N1r1/8 b - - 0 1, True, N2B2qK/8/b1R2r2/7k/8/8/2R1N1r1/8, 3, True, 200, None
2R5/Qp1p4/8/3Nk3/1K4p1/3pb3/8/2N4b b - - 0 1, True, 4R3/bp1p4/8/1b6/6N1/2K2k2/4N1p1/8, 43, True, 200, None
1n4n1/8/8/3BP1K1/3k3B/1n6/PPq5/5Q2 b - - 0 1, True, 1n4n1/8/4k3/6K1/2P5/6B1/1P6/8, 8, False, 200, None
K2R4/2q5/4p3/1n4P1/2R5/4rpQ1/8/k3R3 b - - 0 1, True, K7/2q5/4p3/6P1/2R5/k1R2p2/1R3Q2/8, 10, True, 200, None
B1n5/1p3K2/2P5/P1p5/8/4k2P/6p1/6bB w - - 1 1, True, 8/8/8/Ppk4K/8/4b2P/8/5B2, 18, False, 200, None
8/1P1QP3/8/1pP3k1/2p5/3pq1K1/4pP2/8 w - - 1 1, True, 8/1P1QP3/8/1pP3k1/2p5/3pPK2/8/7q, 20, True, 200, None
8/P1P4q/4Q2K/7P/1P5n/6b1/P2P3k/8 w - - 0 1, True, 1b6/P6K/8/7P/1P4Q1/3n4/P2P4/5kQ1, 15, True, 200, None
3nb3/8/q1kB4/4K3/BB2n3/2Q5/8/1N4b1 b - - 0 1, True, kQ1nb3/8/q2B4/4K3/BB2n3/8/8/1N4b1, 4, True, 200, None
NN6/8/p2pK3/k1p1p3/6pp/1R6/4p3/8 w - - 1 1, True, 8/8/pNNpK3/k1p1p3/6pp/1R6/8/4q3, 3, True, 200, None
8/P2p1P2/8/2q5/7K/2PpN2Q/4p1pk/8 b - - 1 1, True, 8/P2p1P2/8/2q5/7K/2PpN3/4p1Q1/6k1, 2, True, 200, None
2r5/3k2N1/8/2B5/4N3/1P2q3/2P2r2/R5Kb b - - 0 1, True, 2r5/3k2N1/8/2B5/4N3/1P5q/2P3r1/R6K, 3, True, 200, None
7N/P7/2b1r3/8/P2B2kP/5p2/2n3p1/4K3 w - - 1 1, True, b7/8/3r4/4K3/P4qkP/8/6p1/8, 16, True, 200, None
3BB3/8/6b1/p3K1P1/5P2/1k6/2pP4/4R2q b - - 0 1, True, 4bK2/5q2/8/p5P1/5P2/1k2B3/4q3/8, 17, True, 200, None
8/1N1pB3/3bp3/2nPp3/8/2p5/k3K3/2N5 b - - 0 1, True, 8/8/3B4/4p3/3p4/N1p5/4K3/2k5, 10, False, 200, None
1Qb5/4P1p1/3r4/7n/8/1pN5/k7/R2R1K2 b - - 1 1, True, 2b5/4P1p1/3r4/7n/8/1Qk5/8/1R1R1K2, 4, True, 200, None
8/kb2P3/8/4P2n/2N2r2/1K5b/6RP/2N5 b - - 0 1, True, 8/k7/3r1n2/8/8/3N1K1R/7P/8, 22, False, 200, None
4N3/1R1N4/2b2k2/1p1b4/2n5/4N1n1/N7/3K4 b - - 1 1, True, 4N3/8/2R5/1p6/1k6/4n1n1/8/4K3, 13, False, 200, None
8/2p5/4r3/4KRQ1/p1p1Np2/8/k2b2p1/8 w - - 0 1, True, 8/8/4K3/1R6/p1p2p2/k7/2Q5/1Nb5, 15, True, 200, None
5k2/5p2/2Q4P/8/1P6/bq4P1/4Pn2/1N4K1 b - - 0 1, True, 1b6/1P2k3/5p2/2NKn3/4P3/8/8/8, 92, True, 200, None
5N2/4K2B/3b1pq1/2pQ4/8/kp4p1/4P3/8 w - - 1 1, True, 1K4B1/8/8/1k6/8/1pq5/4P3/6Q1, 37, False, 200, None
5r2/2N5/r2p1NP1/k7/8/P2P3K/2r5/6R1 w - - 1 1, True, 6R1/5K2/8/3p4/3P3N/8/2k5/r7, 69, False, 200, None
2b5/4B2n/k6B/1p6/4K1P1/8/1pq1R3/6Q1 w - - 1 1, True, 8/k7/5B1B/8/1R2K1P1/8/8/1Q6, 13, False, 200, None
8/3P2P1/4BB1k/4RK1n/5p2/3q3p/6P1/8 w - - 1 1, True, 8/3q1B1k/5R2/4K3/8/7P/5p2/8, 20, False, 200, None
8/7k/pP2N3/r7/7b/6NB/R7/3rn2K b - - 0 1, True, 8/1P2b3/p5k1/8/8/3n4/2r5/3r3K, 13, True, 200, None
7b/p1p1k3/8/6n1/5P2/p6P/4Kp2/1R5R b - - 0 1, True, 8/p1p1k3/8/8/5P2/7R/5K2/b7, 8, False, 200, None
k7/5nbp/2p5/6K1/8/3bR2P/4p3/3BR3 w - - 0 1, True, 3R4/1k5p/2p3b1/8/6K1/7P/8/8, 13, False, 200, None
N7/1Rnq1Bk1/1p6/4b2P/7K/8/Q7/4b3 w - - 1 1, True, N7/1Rn2Bk1/1p6/4bK1P/5q2/8/8/4b3, 12, True, 200, None
B7/4n3/2R3B1/4n3/1r3K2/5q2/1NP4r/4k3 w - - 1 1, True, B7/4K3/4r3/3q4/5r2/8/1NP5/4k3, 10, True, 200, None
4Q3/1p2B2r/6R1/2b5/pk4r1/7K/P7/3b4 w - - 1 1, True, 8/1p6/8/2b5/pk4rr/7K/P7/3b4, 6, True, 200, None
3k4/P7/p5p1/2b5/2pr3K/2nQB3/8/4R3 w - - 1 1, True, Q7/2k5/p7/6K1/2pBR3/8/8/8, 9, False, 200, None
1R5K/pr2P3/2R3k1/8/1np5/5q2/R7/Q7 b - - 1 1, True, 7K/p3Q2R/8/5k2/2p1Q3/7q/R7/8, 14, True, 200, None
7r/8/1k2bBK1/B4N2/3b4/b1N5/8/Rb6 b - - 0 1, True, 7r/k7/6K1/4B3/4N3/8/1b2R3/8, 20, False, 200, None
Q3b3/K1b5/8/1NB2n2/3R4/Rp6/q4k2/8 w - - 1 1, True, 4b3/K1b5/8/1N6/1B4R1/4n3/p2Q4/3k4, 9, True, 200, None
1r6/1N6/4P3/N1r5/K7/6P1/Q2p1P2/1k5q b - - 1 1, True, 1r6/1N6/4P3/2r5/K1q5/6P1/k2p1P2/8, 7, True, 200, None
8/8/1PB4P/3bK3/4r3/3q2p1/P5p1/2N1k3 w - - 1 1, True, 8/1P3b2/7P/2r2K2/3q4/6p1/P5p1/4k3, 14, True, 200, None
8/4r3/P7/1PbR3P/5Pk1/6r1/p7/B5K1 w - - 0 1, True, 8/8/P7/1PbR3P/5Pk1/8/p3r2K/B5r1, 4, True, 200, None
2K5/7r/8/P4Br1/n3B3/3P4/k1nR3p/8 w - - 1 1, True, 6B1/1K1P4/8/r7/1n6/k7/7p/3n3B, 41, True, 200, None
5Q1n/2P1PB2/8/5K2/8/pB4k1/p7/r1r5 b - - 0 1, True, 5Q2/4Pn2/5q2/8/K7/6k1/B7/8, 20, False, 200, None
nq1k4/4P2K/2R4P/3R1P2/p7/b6P/8/8 b - - 0 1, True, n4k2/6RK/4R2P/5P2/p7/bq5P/8/8, 27, True, 200, None
1K6/1R6/B1PP2p1/P7/2p5/1pb5/3k2p1/8 b - - 0 1, True, 1K6/1B6/P5p1/8/1kQ5/8/8/1q6, 24, False, 200, None
8/2k5/1P1R1r1n/4R2K/5q2/2N2P1P/2P5/8 b - - 1 1, True, 8/1P2k3/6rn/6q1/7K/7P/2P1N3/8, 13, True, 200, None
8/2N5/p7/5R1p/1K2b2Q/4kb2/6pp/B7 b - - 0 1, True, 8/8/p7/7p/1K2R1b1/1q4k1/8/8, 29, False, 200, None
4N3/4R3/6k1/4b1P1/5NK1/bp6/3p3R/6b1 b - - 1 1, True, 4N3/4R3/6kR/6P1/5bK1/bp6/3p4/6b1, 2, True, 200, None
1R6/1K5p/1pb1k2N/1p6/3p4/8/2n5/2B3R1 w - - 0 1, True, 8/7p/1p5N/1K6/3R1k2/8/8/4R3, 11, False, 200, None
n7/3k4/2r2p1r/8/1b3K2/3Q2Bp/1B6/6N1 b - - 1 1, True, 8/2k5/1n3B2/2b5/8/8/4N2r/5K2, 17, False, 200, None
q1Q4n/8/8/b5Np/4NP2/6N1/1K2n1k1/8 w - - 1 1, True, q6n/8/8/b5Np/4NP2/7Q/1K2N3/6k1, 3, True, 200, None
2b2n2/4q3/2B5/4k3/6p1/6R1/1R5P/3B2Kr w - - 1 1, True, 8/8/8/4k3/5nR1/4qBK1/5R1P/8, 29, True, 200, None
8/2p2P1q/2PR4/3R1b2/3P1k2/7P/4K3/5r2 w - - 1 1, True, 5Q2/2p5/2PR4/3R1b2/3P1k2/6q1/8/4K3, 30, True, 200, None
7k/7p/K7/N2Q1p1b/p2p4/8/3qP3/3N4 w - - 1 1, True, 7k/8/3N1q2/5p1p/K7/3Q4/8/8, 13, False, 200, None
4r3/1P3P2/5P1p/p6p/1k1K4/B6r/P7/8 b - - 0 1, True, 4QQ2/8/7p/2K4p/1p6/8/k7/8, 13, False, 200, None
6n1/k1p2b1N/4P3/3b1P2/2N5/2p2B2/8/3K4 b - - 0 1, True, 6n1/2p4N/8/2k5/8/1Np5/8/2K5, 16, False, 200, None
8/8/P1k1Pn1B/8/bKb1B3/P7/2b5/7B b - - 1 1, True, 8/8/b1knP2B/8/1K6/P7/8/8, 7, False, 200, None
7k/1P6/4PK2/1N6/b1P5/1B2n1B1/8/2b3n1 w - - 1 1, True, 8/8/4PK2/1N4Qk/b1P5/1B2n1B1/8/2b3n1, 7, True, 200, None
8/r7/7R/k7/1pp5/7K/R2p2Pb/5n1R b - - 0 1, True, 8/3k4/3r4/8/8/2R5/3p2PK/5R2, 18, False, 200, None
3r3q/7N/R1P5/8/8/bN1Pp3/3k3K/3R4 b - - 0 1, True, 6r1/8/2P4q/8/8/RN1Pp2K/8/3k4, 19, True, 200, None
4r3/3b2PK/1Pb5/rk6/8/1R6/P6B/2R5 b - - 1 1, True, 8/2R3K1/k7/r2b4/8/1P6/8/6B1, 18, False, 200, None
4k1b1/R1P5/4p3/8/p1P5/4R2p/Kp4b1/8 w - - 1 1, True, 2Q1k1b1/R7/4p3/8/p1P5/4R2p/Kp4b1/8, 1, True, 200, None
8/8/q2p3p/2B3b1/1P3P1B/2K5/7k/2nQ4 b - - 0 1, True, 8/8/5q2/KP4kp/8/6b1/8/5Q2, 35, False, 200, None
8/5q2/5r2/8/2Rk3N/B2Pn3/BP1KP3/8 b - - 1 1, True, 8/8/8/q7/2B5/BK1P1k2/1P6/8, 23, False, 200, None
6K1/N4Qbn/4p3/2p2pN1/8/qB2k3/8/8 b - - 0 1, True, 8/5K2/2Q1p3/8/2pk4/1q3N2/8/8, 46, False, 200, None
5q2/1nN3Np/4P2K/8/P5B1/8/4p1B1/2k5 b - - 0 1, True, 4N1K1/1n3qN1/8/7q/P7/8/8/2k5, 17, True, 200, None
2K5/2Pp4/8/3P4/1n4P1/4r3/1k3PPq/5N2 b - - 0 1, True, 8/8/2Kr4/3n4/1q4P1/8/1k3PP1/5N2, 13, True, 200, None
b3b1k1/p3R3/3N1K2/6q1/4p1R1/1n6/8/Q7 w - - 0 1, True, b4k2/p4R2/3N1KR1/8/4p3/1n6/8/Q7, 5, True, 200, None
1B3N2/3k4/7K/1P4rR/2n5/5B1q/5r1P/8 b - - 1 1, True, 8/4k3/3r2BK/1r6/8/5R2/7P/8, 17, False, 200, None
8/1p4k1/6q1/3B4/N2b1PK1/6p1/4p1p1/7Q w - - 1 1, True, 8/1p4k1/8/8/N2b1P2/6qK/6B1/4b3, 8, True, 200, None
N2K4/6pp/2P3n1/3k4/6p1/2R1P2n/6Q1/8 b - - 0 1, True, 3K4/2N3pp/2Pk4/4n3/1Q3np1/2R1P3/8/8, 6, True, 200, None
4n3/n1NK4/7Q/6N1/3n4/2n5/3q3B/1B1k4 w - - 1 1, True, 8/1q6/4N2K/8/3n4/2n5/7Q/k7, 22, False, 200, None
5q2/2P2B1B/k4P1K/7r/2pQ4/4p3/6n1/8 w - - 1 1, True, 8/7q/k4P2/8/2Q5/4pK2/6n1/8, 7, False, 200, None
1q6/8/2K5/1n5N/3kp2P/2P1P3/2P2Qn1/8 b - - 1 1, True, 8/8/1K6/7N/4p2n/2k1P3/2P5/8, 29, False, 200, None
k2n3K/5p2/2p1Q3/1R1p1b2/8/5N2/4pn2/8 w - - 1 1, True, 1k1n3K/R1Q2p2/2p5/3p4/8/3n1N2/4p3/8, 11, True, 200, None
8/p7/4N3/6n1/2K3p1/3p2b1/BB4p1/k3R3 b - - 1 1, True, 8/p7/8/8/2Kn2p1/4R1b1/8/2k5, 21, False, 200, None
8/3pb1P1/8/1BB1K3/8/k7/5ppp/r1R5 b - - 1 1, True, 6Q1/3p4/5K2/2B5/8/8/1k5p/5r2, 9, False, 200, None
3Q4/5r2/3K4/1r3p1k/7r/P2P4/3pP3/2R5 b - - 0 1, True, 8/5rk1/2K4r/1r4q1/P4p2/3P4/4P3/8, 13, True, 200, None
7R/2P5/3q4/8/nr6/2PpN1k1/4p3/2K1Q3 b - - 0 1, True, 8/3Qk3/8/5Q2/nr6/2PpN2R/4p3/2K5, 12, True, 200, None
K5Q1/2r1nn2/1b6/P7/5p2/4p3/P7/1k1R4 b - - 1 1, True, K7/2P5/3R4/8/8/8/P3pp2/1k6, 16, False, 200, None
5k1K/1P6/1pQ1N1qp/b6P/8/5n1N/8/8 b - - 1 1, True, 5k1K/3n2P1/1p2Q2p/2N5/3Q4/2b4N/8/8, 16, True, 200, None
k4r2/2n1R3/1n6/2p3p1/1b4B1/8/1KRR4/8 b - - 0 1, True, 1k6/3B4/1n6/2R3p1/1r6/K7/8/8, 13, False, 200, None
q7/3P4/Pb3p2/3p4/5P2/2K1k3/5P1P/5Q2 b - - 0 1, True, 8/3P4/qb3Q1k/8/8/1K6/5P2/8, 16, False, 200, None
8/4bR1n/1Q5p/7n/5K2/6P1/6pR/k1n5 w - - 1 1, True, 8/1R6/7p/8/n7/6PR/6K1/kQ4n1, 13, True, 200, None
n3N3/N3P3/6BK/n7/4q3/8/2Q1bk1b/8 b - - 0 1, True, 2N5/1n5K/8/4bB2/5k2/5b2/8/8, 25, False, 200, None
2Q5/1p2p3/2kB4/8/p3p1Pr/1p6/1K6/7n b - - 0 1, True, 8/1k2Q3/8/1p6/6r1/1K2p3/5n2/8, 22, False, 200, None
8/2p1p2N/6b1/2p4N/q3Qp2/k7/8/K2R4 w - - 1 1, True, 8/2p4N/8/k1p1p2N/5p2/1Q6/R7/1K6, 13, True, 200, None
k7/1rB3b1/P7/4R3/3N1bP1/K2n4/P7/8 b - - 0 1, True, k7/1r6/P7/2b5/3N2P1/K7/Pn6/2b5, 9, True, 200, None
4b3/4K3/2pn3N/8/2PP1P2/1P6/1B6/1k2b3 w - - 1 1, True, 8/4N3/2K2n2/2P5/4k2B/4b3/8/8, 28, False, 200, None
8/1k2N1PB/8/P2b3K/4p3/3P4/2P3b1/6r1 w - - 1 1, True, 8/1k4r1/7K/P7/8/4Nb2/2B5/8, 8, False, 200, None
8/2n5/q1Q2p2/8/1Kpn2p1/6N1/3B1k2/4B3 b - - 1 1, True, 8/2n5/q4p2/8/1Kpn2p1/6N1/3B4/4B1kQ, 2, True, 200, None
2r5/1K2N2B/7B/5Pn1/8/7P/1rn1k3/4B3 w - - 1 1, True, 8/4N3/2K2B2/8/6k1/nrB5/8/8, 17, False, 200, None
4N3/3n4/NP6/8/3p2P1/3K2kp/2b5/5B1n w - - 1 1, True, 8/8/NnB5/8/3p4/8/2K2k1p/8, 12, False, 200, None
8/BN6/8/1b3B1k/5R1r/nB6/8/1q1K2N1 w - - 0 1, True, 8/3NB3/8/kn2N3/8/3r4/1K6/8, 48, False, 200, None
B1b3kn/8/6K1/B7/1qr5/8/4NR2/2B4B w - - 0 1, True, B1b3kn/8/6q1/B4R1K/2r5/8/4N3/2B4B, 8, True, 200, None
7q/5p2/3P3p/2n5/PpP3Q1/8/2Nk2K1/8 w - - 1 1, True, 5k2/P4p2/8/3q2n1/8/4Q3/8/5K2, 86, False, 200, None
8/p1K5/7n/1B5B/Qk1b4/6pp/4N2q/8 b - - 0 1, True, 8/p1K5/7n/1Bk4B/2Qb4/6pp/4N2q/8, 2, True, 200, None
8/K7/1Q3bP1/P1k2q2/4p3/B7/Pb1P4/8 b - - 0 1, True, 8/K7/3QkbP1/P4q2/4p3/B7/P2P4/8, 12, True, 200, None
7B/1Q6/8/1p1rBp2/6q1/5R2/p5bK/4k3 b - - 0 1, True, 8/8/8/8/5p1q/5b2/pr3B1K/5k2, 11, True, 200, None
7r/5b1b/2Q5/kp1R2p1/7P/6B1/7K/4r3 w - - 1 1, True, 7r/5b1b/8/kQ1R2p1/7P/6B1/7K/4r3, 1, True, 200, None
8/NP6/4P1n1/1b4b1/2K5/3B1N2/4ppk1/8 w - - 1 1, True, 4K3/6q1/4PbN1/4n3/8/8/5Q1k/8, 61, True, 200, None
7b/N7/5k2/8/nn3b2/1NK2Q1n/8/4n2N w - - 1 1, True, 8/6b1/8/5n2/1K3k2/8/3N4/6bN, 20, False, 200, None
8/1qK5/2Q5/p6k/3p3P/2N1pP2/p3p3/8 w - - 0 1, True, K7/8/8/p7/3Q4/2N1pqk1/8/8, 12, False, 200, None
2K1N3/2n5/2R3N1/N7/2nBkr2/5b2/3n4/8 b - - 0 1, True, 2K1N3/8/2b5/3N4/2Nk4/8/3n4/8, 6, False, 200, None
4Q3/5bRp/p3nR2/r7/2R5/5r2/1K1k4/8 w - - 1 1, True, 8/5b1p/p3n3/r7/8/3Q4/1KR5/4k1R1, 9, True, 200, None
8/1P1pKP2/1Q1B2p1/8/2p5/2P5/1b6/6qk w - - 1 1, True, 1Q2KQ2/3p4/3B2p1/8/2p5/2P3Qk/1b6/8, 13, True, 200, None
2n5/5q2/1B2N3/1N2K3/1k6/6R1/N2b4/6rN b - - 1 1, True, 8/4n3/3KNq2/1k6/8/3R4/N2b4/6BN, 22, True, 200, None
8/1k3p1n/n7/8/8/3P1bp1/5B1P/BBK5 w - - 1 1, False, 8/5k1n/B6B/3nBp1P/3Pb2K/8/8/8, 100, False, 200, None
1N1n3b/8/5R2/5q1N/7r/4n3/2k4K/5QN1 w - - 1 1, True, 1N1n3b/8/5R2/8/8/4r3/2k3q1/4Kn2, 12, True, 200, None
3k1K2/2R5/2r4Q/R2b2n1/4r3/5p2/6rN/8 b - - 0 1, True, 3krK2/2R4Q/2r5/R2b4/8/5p2/6rN/8, 3, True, 200, None
1N2n3/N3P3/3k1N2/5n2/5bb1/3K3P/6P1/8 b - - 0 1, True, 6n1/6b1/5k2/8/8/4N1P1/4K2N/8, 40, False, 200, None
8/P6p/1p4P1/p1K2p2/kpN5/1p6/7P/8 w - - 1 1, True, 8/7p/1N4P1/p1K2p2/kp6/8/1Q5P/8, 11, True, 200, None
1B3B2/R7/8/k7/4R3/n2K4/p1r5/2Q3bb b - - 1 1, True, 1B3B2/R7/2k5/8/1R6/n2K4/p5Q1/8, 8, True, 200, None
3b4/7k/1R4Q1/3K4/r2Np2N/5r2/1b2n3/8 b - - 1 1, True, 3bQ3/6k1/7R/3K1N2/r3p3/8/1b2n3/8, 8, True, 200, None
8/p7/pp6/8/B6K/2nB4/p1Rk2Nn/8 b - - 0 1, True, 8/p4B2/8/1k6/p6K/1p6/8/1N6, 22, False, 200, None
2K5/4Pp2/p5R1/8/3p2N1/8/1kp1p3/1n5B w - - 1 1, True, 2K5/5p2/p7/8/2Rpn3/8/1k6/8, 14, False, 200, None
Q5Nn/8/8/8/5bn1/p2kb3/R3N2b/7K w - - 1 1, True, 6Nn/8/8/8/3Q1bn1/p2k4/R3N2b/7K, 3, True, 200, None
2B5/3K4/p6p/pp6/p1p4N/7k/1Q6/1q6 w - - 1 1, True, 8/1B2K3/p7/pp3N1p/p1p5/6Q1/7k/8, 15, True, 200, None
1B1Q2N1/8/kp6/2nn4/1p3p2/8/4p1K1/3r4 b - - 0 1, True, 6N1/8/8/1kpn4/1p3BqK/8/8/6r1, 13, True, 200, None
6n1/4k3/qB2P2R/2r2P2/B7/4P3/2K4p/8 w - - 0 1, True, 2k5/5q2/3R4/2Bn4/8/KB6/8/8, 20, False, 200, None
1b2nN2/7P/N6k/P7/p5B1/1p6/4K2b/8 w - - 1 1, True, 1b2nQ2/7k/N3N3/P4B2/p7/1p6/4K2b/8, 11, True, 200, None
7q/8/p3Q3/8/3pPKp1/2p4r/4k3/R5B1 w - - 1 1, True, 7q/8/p7/8/3pPKp1/2pk3r/Q7/3R2B1, 3, True, 200, None
8/2kB4/3b3n/6Q1/4N3/4n3/1q1K4/1nB3B1 w - - 0 1, True, 8/3k4/3b3Q/8/8/5K2/2qN4/6B1, 25, False, 200, None
7B/8/3K4/7r/4kQq1/8/1P2nnr1/2B1N3 b - - 0 1, True, 8/8/1q6/2r5/2K1kn2/8/1P4r1/2BnN3, 11, True, 200, None
3NNn1k/7N/8/r6R/4b1K1/4P3/2r5/4r3 b - - 0 1, True, 5n2/5k2/8/7N/4K3/4P3/6r1/4r3, 10, False, 200, None
1R1b3K/2r5/5k2/4pRB1/8/8/bP4r1/6B1 b - - 1 1, True, 2rB2K1/8/6k1/4p2r/8/8/1P6/8, 12, False, 200, None
8/P1K2Q2/3rP3/2R1q2p/6P1/7k/n1P5/8 b - - 0 1, True, 2Kr4/P4Q2/1q2P3/7p/6P1/7k/n1P5/8, 5, True, 200, None
7Q/5p1k/4p3/2p5/p1P5/4q3/p3P1BK/8 b - - 1 1, True, 7k/5p2/4p3/2p4q/p1P5/7K/4P3/6q1, 9, True, 200, None
8/6Q1/1p5n/8/K3R2p/P2k4/p4P2/3rR3 b - - 0 1, True, 8/8/8/1p3n2/4R2p/PQ6/K2k1P2/3R4, 12, True, 200, None
1b3B2/1p4R1/3k3p/3p1p2/2R5/3K4/pb6/8 b - - 0 1, True, 8/2b2k2/R7/3p1p2/8/4b3/4K3/8, 23, False, 200, None
6KB/8/7P/B2Pn3/4p1k1/1P3P2/4q2N/8 b - - 1 1, True, 8/6B1/4K2P/6k1/4P3/1q6/7N/8, 15, False, 200, None
8/N3B2p/2Q5/2p5/1bb5/2p1BK2/2q5/2k5 b - - 0 1, True, 8/8/2N5/3bK2p/8/4B3/2p5/5k2, 25, False, 200, None
6n1/1kR5/4q3/2P1P3/1r1b4/2P1N3/8/2K4Q b - - 1 1, True, 6n1/2k5/8/2PNb3/8/2P5/8/2K5, 12, False, 200, None
8/R2b4/2Q2bK1/Np6/1r3k2/1b6/1p2R3/8 w - - 1 1, True, 8/R2b4/6K1/Np6/1r6/1bk1Q3/1p1R4/8, 9, True, 200, None
N7/3b1P2/2N5/4b3/K7/5k2/1P3p2/3Bqr2 b - - 0 1, True, N7/5P2/2qbb3/K7/8/5k2/1P3p2/r7, 11, True, 200, None
5k2/Qb2q3/n7/1P6/P2N1n2/4K3/N2P4/8 w - - 1 1, True, 5k2/Q7/2P5/2n5/P7/8/N3q1K1/8, 46, True, 200, None
1Q2K3/8/p7/qN5k/P4bn1/N7/3B3b/8 w - - 1 1, True, 4K3/8/8/BP5k/5bn1/N7/8/8, 5, False, 200, None
8/r2P1K2/8/N4B1p/7n/6P1/N4kr1/7n w - - 1 1, True, 8/8/5K2/r2N3p/7k/5Bn1/8/8, 20, False, 200, None
3r4/5k2/2Nr4/K2P4/B7/3P4/N1N2bn1/8 b - - 0 1, True, 8/6k1/1K6/3PN2r/1b6/8/2B5/8, 42, False, 200, None
r7/6r1/2P3R1/pNpP4/8/3b4/1k1R2K1/8 b - - 1 1, True, 5NK1/8/8/p7/4Q3/1R1b4/2k5/8, 44, False, 200, None
1b2BB1b/7p/n2kp3/6N1/K7/1p3N2/8/8 b - - 0 1, True, 7B/4n2p/4p3/1B3k2/8/8/8/3K4, 43, False, 200, None
8/6p1/6Pp/2P1k3/p2p4/5p2/4Bp1P/K7 b - - 0 1, True, 8/6p1/2P3Pp/4k3/K1qp4/2q5/7P/8, 9, True, 200, None
1N1K4/8/1pk5/1P4BQ/2p5/1q5p/7p/4b3 b - - 1 1, True, 2K5/8/1p3B2/8/1N6/Q7/2p5/1k6, 30, False, 200, None
8/1r1N4/7P/5R2/1B2rk2/1n6/1Kn3p1/2N5 b - - 0 1, True, 8/1r6/7P/8/1n2k3/1N6/1K6/6q1, 7, False, 200, None
8/b7/4N2P/2P5/1k6/3P3n/pP1P2p1/3K4 b - - 0 1, True, 8/b7/4N2P/2P5/1k6/3P3n/1PKP4/n4q2, 7, True, 200, None
2B5/k4q1P/R2K4/4p1p1/6pr/8/p6Q/8 b - - 0 1, True, R1k5/7P/3K4/4p1p1/6pr/1Q6/p7/8, 6, True, 200, None
7B/2Pr4/2P5/3p1p2/3P4/1P6/r3p3/2K2k2 b - - 0 1, True, 7B/2Pr4/2P5/3p1p2/3P4/1P6/r7/2K1qk2, 1, True, 200, None
1K6/2Pk4/8/8/5qb1/4p1p1/p1Qp4/N5B1 b - - 0 1, True, K7/2Pk4/1q6/8/4b3/4p1p1/p2p4/N5B1, 9, True, 200, None
5k2/4Pq1p/4r3/N2n2Kp/1B1P4/8/3P4/8 b - - 0 1, True, 4k3/4P2p/2N1r3/3n3p/1B1P2qK/8/3P4/8, 5, True, 200, None
1r3K2/1pN5/6R1/3p1p2/7Q/1p4r1/1k6/5n2 w - - 1 1, True, 8/1p4K1/2r5/5Qn1/N7/4k3/8/8, 25, False, 200, None
8/2N2nb1/6kP/1r6/K4B2/2nP2P1/8/5R2 w - - 0 1, True, 8/2N2n2/3b2kP/1r6/8/K1nP2P1/8/5R2, 4, True, 200, None
8/3p4/2b2Q1b/1r2R3/3kb2K/4B3/6B1/5r2 b - - 1 1, True, 8/3p4/2b5/8/4k2K/5b2/3Q2B1/8, 36, False, 200, None
2b5/3P4/3p4/P7/6p1/7R/K5Qp/nNk5 b - - 0 1, True, 2b5/3P4/3p4/P7/6p1/1nR5/K1k4p/1N3Q2, 4, True, 200, None
5N2/1P6/1b2Q3/4n2q/3K3P/5P2/4k3/2B1n3 w - - 0 1, True, 8/5K2/2n2N1P/8/5n2/6Q1/6k1/8, 37, False, 200, None
4b3/4B3/2N2B2/8/kN1P1K2/8/1n3p2/2q4B w - - 0 1, True, 8/1KP1B3/8/3qn3/k7/8/8/2q5, 18, False, 200, None
8/4bP2/3n4/7k/2n5/3p3R/3p1K1p/1R4B1 b - - 0 1, True, 8/4bk2/8/8/2n5/3K2B1/3p4/1R6, 12, False, 200, None
3K4/bk6/1P6/P1N4n/1P3b2/1Pr5/8/5B2 b - - 0 1, True, 8/8/kP2Kn2/2P5/1P6/8/3b4/8, 17, False, 200, None
7R/8/3R2rq/1k2n3/N4N2/1p2b3/2R5/5K2 w - - 1 1, True, 8/8/3R2rq/2k1n3/R4N2/1pN1b3/2R5/5K2, 28, True, 200, None
5r2/1K6/8/8/1Bb5/P2R4/r1R4N/q5kr b - - 0 1, True, 2r5/2q5/1K6/8/2b5/P2R4/r1R4N/6kr, 9, True, 200, None
5k2/B6P/2N2K2/6PR/1n6/1B4p1/6q1/5n2 b - - 0 1, True, 5k2/7P/2q5/5KPR/1n6/1B2B1p1/8/8, 22, True, 200, None
5Nk1/B1q5/4b3/rQ2K3/8/1r6/3rP3/R7 w - - 1 1, True, 5qk1/B3K3/3r4/rQ6/8/1r6/4P3/R7, 6, True, 200, None
8/1q3r2/8/5P2/2rB3K/R6r/7P/R3N2k w - - 0 1, True, 8/2q5/8/5P2/3B4/8/5K1N/R6k, 11, False, 200, None
8/r3P3/3K1Q2/p2P4/3nq3/1NNp2k1/8/8 w - - 1 1, True, 8/r3P3/3K4/p2PQ3/3Nk3/3p4/8/8, 11, True, 200, None
3R3K/5P2/1p6/5k2/p7/2R3p1/b2b4/3Q1b2 w - - 1 1, True, 5Q1K/5b2/1p6/3R4/p3k3/2R2Qp1/3b4/5b2, 5, True, 200, None
1B1k1nKr/8/8/NRPN4/q3N3/3p4/8/8 w - - 1 1, True, 5K2/1kP5/8/1N1q4/2N5/3p4/8/8, 16, False, 200, None
8/8/B2b4/5bp1/2kr4/1P6/N5Pp/2K3R1 b - - 1 1, True, 8/8/8/6p1/2r2bb1/1k6/4N1P1/3K2q1, 9, True, 200, None
1KN5/n2bp3/1Rk4B/8/8/1Q1pr3/8/1n6 b - - 0 1, True, 1KN5/n2bp3/1R6/2k5/8/1Q1pB3/8/1n6, 2, True, 200, None
1QK1b3/8/1B3R1p/5P2/5q2/1rB1k3/8/4n3 b - - 0 1, True, 2K1b3/2Q5/7R/5P2/6k1/2q5/8/8, 24, False, 200, None
R7/3N4/1n2b3/6p1/3P2pP/8/1kbK4/7B b - - 0 1, True, 2b5/8/8/3B2n1/3kNK2/8/2b5/8, 17, False, 200, None
8/2P1Rr2/3n4/2P1K3/P7/4R1q1/3p1P2/2k5 w - - 0 1, True, 8/2P1Rr2/3P4/4K3/P7/6R1/5P2/2kq4, 19, True, 200, None
8/4p3/6PK/P1B3P1/1P6/8/1P1n2p1/k1b5 b - - 0 1, True, 6K1/1P4P1/4n1P1/4b3/8/1k6/8/8, 57, False, 200, None
8/2kbQp2/7R/2ppK3/1n5N/8/n7/2r5 w - - 1 1, True, 1R6/k4p2/1Q6/2ppK3/1n5N/8/n7/2r5, 9, True, 200, None
4N3/q1p5/2P1P3/8/3P3p/K2p1R2/2k3P1/8 w - - 1 1, True, 2K5/8/2q1P3/2q5/7p/6P1/2k5/8, 20, False, 200, None
6R1/q7/2P2rN1/1p6/2N5/1n3k2/P7/1K1R4 w - - 1 1, True, 2Q5/8/8/1p2k3/3q4/8/P7/1KR5, 26, False, 200, None
2br4/1q3k2/8/2R4P/R4r2/2B5/3P4/4N1K1 b - - 0 1, True, 2b5/5k2/8/6rP/R7/8/3P1rqK/8, 9, True, 200, None
8/1K6/P1p1R3/1r4N1/1P6/N7/3Bb1k1/q7 w - - 0 1, True, 8/1N2q3/1Kp5/2Bb4/8/8/4k3/8, 44, False, 200, None
2b5/8/n1PB4/7b/K1P5/1B2pp2/5k2/1R6 b - - 0 1, True, 2b5/8/2b5/2P1B3/1K6/5p2/5k2/8, 15, False, 200, None
7N/KN6/4n1b1/6N1/8/5R2/2q1k2p/6bQ w - - 1 1, True, 7N/qK6/4n1b1/2q3N1/8/8/4k3/8, 10, True, 200, None
2R1K3/kB5P/2r5/8/P1n2P2/3p1P2/2n5/8 b - - 0 1, True, 7K/k7/8/8/P4n2/3RnP2/8/8, 24, False, 200, None
1k6/8/7p/2r4P/1K2R3/3p4/PR4rq/4R3 w - - 1 1, True, 8/8/4k2p/2q4P/1R6/1K6/3R4/8, 63, False, 200, None
1B1N4/5P2/6P1/4p3/N5b1/2K4P/6P1/1q4k1 b - - 0 1, True, 1B1N4/5P2/6P1/2K1p3/3q2b1/7P/1N4P1/6k1, 25, True, 200, None
7q/1PK3P1/2B5/1N6/1B6/N3n3/3b2P1/7k b - - 0 1, True, 3q4/8/1KB5/8/6P1/N3n1Q1/8/5k2, 29, True, 200, None
